array (
  0 => 
  array (
    'value' => 'Lead',
    'name' => 'Лид',
  ),
  1 => 
  array (
    'value' => 'Deal',
    'name' => 'Сделка',
  ),
  2 => 
  array (
    'value' => 'Contact',
    'name' => 'Контакт',
  ),
  3 => 
  array (
    'value' => 'Company',
    'name' => 'Компания',
  ),
  4 => 
  array (
    'value' => 171,
    'name' => 'Онбординг',
  ),
  5 => 
  array (
    'value' => 130,
    'name' => 'Оплаты',
  ),
  6 => 
  array (
    'value' => 1036,
    'name' => 'Найм/Увольнение',
  ),
  7 => 
  array (
    'value' => 1040,
    'name' => 'HR',
  ),
)array (
  0 => 
  array (
    'value' => 'Lead',
    'name' => 'Лид',
  ),
  1 => 
  array (
    'value' => 'Deal',
    'name' => 'Сделка',
  ),
  2 => 
  array (
    'value' => 'Contact',
    'name' => 'Контакт',
  ),
  3 => 
  array (
    'value' => 'Company',
    'name' => 'Компания',
  ),
  4 => 
  array (
    'value' => 171,
    'name' => 'Онбординг',
  ),
  5 => 
  array (
    'value' => 130,
    'name' => 'Оплаты',
  ),
  6 => 
  array (
    'value' => 1036,
    'name' => 'Найм/Увольнение',
  ),
  7 => 
  array (
    'value' => 1040,
    'name' => 'HR',
  ),
)array (
  0 => 
  array (
    'value' => 'Lead',
    'name' => 'Лид',
  ),
  1 => 
  array (
    'value' => 'Deal',
    'name' => 'Сделка',
  ),
  2 => 
  array (
    'value' => 'Contact',
    'name' => 'Контакт',
  ),
  3 => 
  array (
    'value' => 'Company',
    'name' => 'Компания',
  ),
  4 => 
  array (
    'value' => 171,
    'name' => 'Онбординг',
  ),
  5 => 
  array (
    'value' => 130,
    'name' => 'Оплаты',
  ),
  6 => 
  array (
    'value' => 1036,
    'name' => 'Найм/Увольнение',
  ),
  7 => 
  array (
    'value' => 1040,
    'name' => 'HR',
  ),
)array (
  0 => 
  array (
    'value' => 'Lead',
    'name' => 'Лид',
  ),
  1 => 
  array (
    'value' => 'Deal',
    'name' => 'Сделка',
  ),
  2 => 
  array (
    'value' => 'Contact',
    'name' => 'Контакт',
  ),
  3 => 
  array (
    'value' => 'Company',
    'name' => 'Компания',
  ),
  4 => 
  array (
    'value' => 133,
    'name' => 'Медиапланы',
  ),
  5 => 
  array (
    'value' => 186,
    'name' => 'Отчеты по сделкам Медиапланы',
  ),
  6 => 
  array (
    'value' => 185,
    'name' => 'Запуск бизнес-процессов',
  ),
  7 => 
  array (
    'value' => 140,
    'name' => 'Отчеты по сделкам Аккаунтинг',
  ),
  8 => 
  array (
    'value' => 1032,
    'name' => 'Задачи для Юридического отдела',
  ),
  9 => 
  array (
    'value' => 1036,
    'name' => 'Additional budget request',
  ),
  10 => 
  array (
    'value' => 1040,
    'name' => 'Отправка формы CV',
  ),
  11 => 
  array (
    'value' => 1044,
    'name' => 'Отправка формы подписки на блог',
  ),
  12 => 
  array (
    'value' => 1048,
    'name' => 'Отправка формы для Full и Platform',
  ),
  13 => 
  array (
    'value' => 1052,
    'name' => 'Meet Up',
  ),
  14 => 
  array (
    'value' => 1056,
    'name' => 'Мероприятия',
  ),
  15 => 
  array (
    'value' => 1060,
    'name' => 'Отчеты о мероприятии',
  ),
  16 => 
  array (
    'value' => 1064,
    'name' => 'Отправка формы advertisers и publishers',
  ),
  17 => 
  array (
    'value' => 1074,
    'name' => 'Список Партнеров',
  ),
  18 => 
  array (
    'value' => 1078,
    'name' => 'Ачивки',
  ),
  19 => 
  array (
    'value' => 1084,
    'name' => 'До выхода на работу',
  ),
  20 => 
  array (
    'value' => 1088,
    'name' => '1-й рабочий день',
  ),
  21 => 
  array (
    'value' => 1092,
    'name' => '1-я рабочая неделя',
  ),
  22 => 
  array (
    'value' => 1096,
    'name' => '2-й рабочий месяц',
  ),
  23 => 
  array (
    'value' => 1100,
    'name' => 'За 2 недели до конца испытательного срока',
  ),
  24 => 
  array (
    'value' => 1104,
    'name' => 'По итогам прохождения испытательного срока',
  ),
  25 => 
  array (
    'value' => 1108,
    'name' => '1-й рабочий месяц',
  ),
  26 => 
  array (
    'value' => 1112,
    'name' => 'За 1 неделю до конца испытательного срока',
  ),
  27 => 
  array (
    'value' => 1116,
    'name' => 'По итогам прохождения испытательного срока',
  ),
  28 => 
  array (
    'value' => 1120,
    'name' => 'Бриф на клиентские мероприятия',
  ),
  29 => 
  array (
    'value' => 1124,
    'name' => 'Мини-проект по Б24',
  ),
  30 => 
  array (
    'value' => 1128,
    'name' => 'Еженедельные статусы по мини-проектам Б24',
  ),
  31 => 
  array (
    'value' => 1132,
    'name' => 'Заказы Monkey',
  ),
  32 => 
  array (
    'value' => 1136,
    'name' => 'Платежи Monkey',
  ),
  33 => 
  array (
    'value' => 1140,
    'name' => 'KPI и Форматы',
  ),
)array (
  0 => 
  array (
    'value' => 'Lead',
    'name' => 'Лид',
  ),
  1 => 
  array (
    'value' => 'Deal',
    'name' => 'Сделка',
  ),
  2 => 
  array (
    'value' => 'Contact',
    'name' => 'Контакт',
  ),
  3 => 
  array (
    'value' => 'Company',
    'name' => 'Компания',
  ),
  4 => 
  array (
    'value' => 133,
    'name' => 'Медиапланы',
  ),
  5 => 
  array (
    'value' => 186,
    'name' => 'Отчеты по сделкам Медиапланы',
  ),
  6 => 
  array (
    'value' => 185,
    'name' => 'Запуск бизнес-процессов',
  ),
  7 => 
  array (
    'value' => 140,
    'name' => 'Отчеты по сделкам Аккаунтинг',
  ),
  8 => 
  array (
    'value' => 1032,
    'name' => 'Задачи для Юридического отдела',
  ),
  9 => 
  array (
    'value' => 1036,
    'name' => 'Additional budget request',
  ),
  10 => 
  array (
    'value' => 1040,
    'name' => 'Отправка формы CV',
  ),
  11 => 
  array (
    'value' => 1044,
    'name' => 'Отправка формы подписки на блог',
  ),
  12 => 
  array (
    'value' => 1048,
    'name' => 'Отправка формы для Full и Platform',
  ),
  13 => 
  array (
    'value' => 1052,
    'name' => 'Meet Up',
  ),
  14 => 
  array (
    'value' => 1056,
    'name' => 'Мероприятия',
  ),
  15 => 
  array (
    'value' => 1060,
    'name' => 'Отчеты о мероприятии',
  ),
  16 => 
  array (
    'value' => 1064,
    'name' => 'Отправка формы advertisers и publishers',
  ),
  17 => 
  array (
    'value' => 1074,
    'name' => 'Список Партнеров',
  ),
  18 => 
  array (
    'value' => 1078,
    'name' => 'Ачивки',
  ),
  19 => 
  array (
    'value' => 1084,
    'name' => 'До выхода на работу',
  ),
  20 => 
  array (
    'value' => 1088,
    'name' => '1-й рабочий день',
  ),
  21 => 
  array (
    'value' => 1092,
    'name' => '1-я рабочая неделя',
  ),
  22 => 
  array (
    'value' => 1096,
    'name' => '2-й рабочий месяц',
  ),
  23 => 
  array (
    'value' => 1100,
    'name' => 'За 2 недели до конца испытательного срока',
  ),
  24 => 
  array (
    'value' => 1104,
    'name' => 'По итогам прохождения испытательного срока',
  ),
  25 => 
  array (
    'value' => 1108,
    'name' => '1-й рабочий месяц',
  ),
  26 => 
  array (
    'value' => 1112,
    'name' => 'За 1 неделю до конца испытательного срока',
  ),
  27 => 
  array (
    'value' => 1116,
    'name' => 'По итогам прохождения испытательного срока',
  ),
  28 => 
  array (
    'value' => 1120,
    'name' => 'Бриф на клиентские мероприятия',
  ),
  29 => 
  array (
    'value' => 1124,
    'name' => 'Мини-проект по Б24',
  ),
  30 => 
  array (
    'value' => 1128,
    'name' => 'Еженедельные статусы по мини-проектам Б24',
  ),
  31 => 
  array (
    'value' => 1132,
    'name' => 'Заказы Monkey',
  ),
  32 => 
  array (
    'value' => 1136,
    'name' => 'Платежи Monkey',
  ),
  33 => 
  array (
    'value' => 1140,
    'name' => 'KPI и Форматы',
  ),
)array (
  0 => 
  array (
    'value' => 'Lead',
    'name' => 'Лид',
  ),
  1 => 
  array (
    'value' => 'Deal',
    'name' => 'Сделка',
  ),
  2 => 
  array (
    'value' => 'Contact',
    'name' => 'Контакт',
  ),
  3 => 
  array (
    'value' => 'Company',
    'name' => 'Компания',
  ),
  4 => 
  array (
    'value' => 133,
    'name' => 'Медиапланы',
  ),
  5 => 
  array (
    'value' => 186,
    'name' => 'Отчеты по сделкам Медиапланы',
  ),
  6 => 
  array (
    'value' => 185,
    'name' => 'Запуск бизнес-процессов',
  ),
  7 => 
  array (
    'value' => 140,
    'name' => 'Отчеты по сделкам Аккаунтинг',
  ),
  8 => 
  array (
    'value' => 1032,
    'name' => 'Задачи для Юридического отдела',
  ),
  9 => 
  array (
    'value' => 1036,
    'name' => 'Additional budget request',
  ),
  10 => 
  array (
    'value' => 1040,
    'name' => 'Отправка формы CV',
  ),
  11 => 
  array (
    'value' => 1044,
    'name' => 'Отправка формы подписки на блог',
  ),
  12 => 
  array (
    'value' => 1048,
    'name' => 'Отправка формы для Full и Platform',
  ),
  13 => 
  array (
    'value' => 1052,
    'name' => 'Meet Up',
  ),
  14 => 
  array (
    'value' => 1056,
    'name' => 'Мероприятия',
  ),
  15 => 
  array (
    'value' => 1060,
    'name' => 'Отчеты о мероприятии',
  ),
  16 => 
  array (
    'value' => 1064,
    'name' => 'Отправка формы advertisers и publishers',
  ),
  17 => 
  array (
    'value' => 1074,
    'name' => 'Список Партнеров',
  ),
  18 => 
  array (
    'value' => 1078,
    'name' => 'Ачивки',
  ),
  19 => 
  array (
    'value' => 1084,
    'name' => 'До выхода на работу',
  ),
  20 => 
  array (
    'value' => 1088,
    'name' => '1-й рабочий день',
  ),
  21 => 
  array (
    'value' => 1092,
    'name' => '1-я рабочая неделя',
  ),
  22 => 
  array (
    'value' => 1096,
    'name' => '2-й рабочий месяц',
  ),
  23 => 
  array (
    'value' => 1100,
    'name' => 'За 2 недели до конца испытательного срока',
  ),
  24 => 
  array (
    'value' => 1104,
    'name' => 'По итогам прохождения испытательного срока',
  ),
  25 => 
  array (
    'value' => 1108,
    'name' => '1-й рабочий месяц',
  ),
  26 => 
  array (
    'value' => 1112,
    'name' => 'За 1 неделю до конца испытательного срока',
  ),
  27 => 
  array (
    'value' => 1116,
    'name' => 'По итогам прохождения испытательного срока',
  ),
  28 => 
  array (
    'value' => 1120,
    'name' => 'Бриф на клиентские мероприятия',
  ),
  29 => 
  array (
    'value' => 1124,
    'name' => 'Мини-проект по Б24',
  ),
  30 => 
  array (
    'value' => 1128,
    'name' => 'Еженедельные статусы по мини-проектам Б24',
  ),
  31 => 
  array (
    'value' => 1132,
    'name' => 'Заказы Monkey',
  ),
  32 => 
  array (
    'value' => 1136,
    'name' => 'Платежи Monkey',
  ),
  33 => 
  array (
    'value' => 1140,
    'name' => 'KPI и Форматы',
  ),
)array (
  0 => 
  array (
    'value' => 'Lead',
    'name' => 'Лид',
  ),
  1 => 
  array (
    'value' => 'Deal',
    'name' => 'Сделка',
  ),
  2 => 
  array (
    'value' => 'Contact',
    'name' => 'Контакт',
  ),
  3 => 
  array (
    'value' => 'Company',
    'name' => 'Компания',
  ),
  4 => 
  array (
    'value' => 133,
    'name' => 'Медиапланы',
  ),
  5 => 
  array (
    'value' => 186,
    'name' => 'Отчеты по сделкам Медиапланы',
  ),
  6 => 
  array (
    'value' => 185,
    'name' => 'Запуск бизнес-процессов',
  ),
  7 => 
  array (
    'value' => 140,
    'name' => 'Отчеты по сделкам Аккаунтинг',
  ),
  8 => 
  array (
    'value' => 1032,
    'name' => 'Задачи для Юридического отдела',
  ),
  9 => 
  array (
    'value' => 1036,
    'name' => 'Additional budget request',
  ),
  10 => 
  array (
    'value' => 1040,
    'name' => 'Отправка формы CV',
  ),
  11 => 
  array (
    'value' => 1044,
    'name' => 'Отправка формы подписки на блог',
  ),
  12 => 
  array (
    'value' => 1048,
    'name' => 'Отправка формы для Full и Platform',
  ),
  13 => 
  array (
    'value' => 1052,
    'name' => 'Meet Up',
  ),
  14 => 
  array (
    'value' => 1056,
    'name' => 'Мероприятия',
  ),
  15 => 
  array (
    'value' => 1060,
    'name' => 'Отчеты о мероприятии',
  ),
  16 => 
  array (
    'value' => 1064,
    'name' => 'Отправка формы advertisers и publishers',
  ),
  17 => 
  array (
    'value' => 1074,
    'name' => 'Список Партнеров',
  ),
  18 => 
  array (
    'value' => 1078,
    'name' => 'Ачивки',
  ),
  19 => 
  array (
    'value' => 1084,
    'name' => 'До выхода на работу',
  ),
  20 => 
  array (
    'value' => 1088,
    'name' => '1-й рабочий день',
  ),
  21 => 
  array (
    'value' => 1092,
    'name' => '1-я рабочая неделя',
  ),
  22 => 
  array (
    'value' => 1096,
    'name' => '2-й рабочий месяц',
  ),
  23 => 
  array (
    'value' => 1100,
    'name' => 'За 2 недели до конца испытательного срока',
  ),
  24 => 
  array (
    'value' => 1104,
    'name' => 'По итогам прохождения испытательного срока',
  ),
  25 => 
  array (
    'value' => 1108,
    'name' => '1-й рабочий месяц',
  ),
  26 => 
  array (
    'value' => 1112,
    'name' => 'За 1 неделю до конца испытательного срока',
  ),
  27 => 
  array (
    'value' => 1116,
    'name' => 'По итогам прохождения испытательного срока',
  ),
  28 => 
  array (
    'value' => 1120,
    'name' => 'Бриф на клиентские мероприятия',
  ),
  29 => 
  array (
    'value' => 1124,
    'name' => 'Мини-проект по Б24',
  ),
  30 => 
  array (
    'value' => 1128,
    'name' => 'Еженедельные статусы по мини-проектам Б24',
  ),
  31 => 
  array (
    'value' => 1132,
    'name' => 'Заказы Monkey',
  ),
  32 => 
  array (
    'value' => 1136,
    'name' => 'Платежи Monkey',
  ),
  33 => 
  array (
    'value' => 1140,
    'name' => 'KPI и Форматы',
  ),
)array (
  0 => 
  array (
    'value' => 'Lead',
    'name' => 'Лид',
  ),
  1 => 
  array (
    'value' => 'Deal',
    'name' => 'Сделка',
  ),
  2 => 
  array (
    'value' => 'Contact',
    'name' => 'Контакт',
  ),
  3 => 
  array (
    'value' => 'Company',
    'name' => 'Компания',
  ),
  4 => 
  array (
    'value' => 133,
    'name' => 'Медиапланы',
  ),
  5 => 
  array (
    'value' => 186,
    'name' => 'Отчеты по сделкам Медиапланы',
  ),
  6 => 
  array (
    'value' => 185,
    'name' => 'Запуск бизнес-процессов',
  ),
  7 => 
  array (
    'value' => 140,
    'name' => 'Отчеты по сделкам Аккаунтинг',
  ),
  8 => 
  array (
    'value' => 1032,
    'name' => 'Задачи для Юридического отдела',
  ),
  9 => 
  array (
    'value' => 1036,
    'name' => 'Additional budget request',
  ),
  10 => 
  array (
    'value' => 1040,
    'name' => 'Отправка формы CV',
  ),
  11 => 
  array (
    'value' => 1044,
    'name' => 'Отправка формы подписки на блог',
  ),
  12 => 
  array (
    'value' => 1048,
    'name' => 'Отправка формы для Full и Platform',
  ),
  13 => 
  array (
    'value' => 1052,
    'name' => 'Meet Up',
  ),
  14 => 
  array (
    'value' => 1056,
    'name' => 'Мероприятия',
  ),
  15 => 
  array (
    'value' => 1060,
    'name' => 'Отчеты о мероприятии',
  ),
  16 => 
  array (
    'value' => 1064,
    'name' => 'Отправка формы advertisers и publishers',
  ),
  17 => 
  array (
    'value' => 1074,
    'name' => 'Список Партнеров',
  ),
  18 => 
  array (
    'value' => 1078,
    'name' => 'Ачивки',
  ),
  19 => 
  array (
    'value' => 1084,
    'name' => 'До выхода на работу',
  ),
  20 => 
  array (
    'value' => 1088,
    'name' => '1-й рабочий день',
  ),
  21 => 
  array (
    'value' => 1092,
    'name' => '1-я рабочая неделя',
  ),
  22 => 
  array (
    'value' => 1096,
    'name' => '2-й рабочий месяц',
  ),
  23 => 
  array (
    'value' => 1100,
    'name' => 'За 2 недели до конца испытательного срока',
  ),
  24 => 
  array (
    'value' => 1104,
    'name' => 'По итогам прохождения испытательного срока',
  ),
  25 => 
  array (
    'value' => 1108,
    'name' => '1-й рабочий месяц',
  ),
  26 => 
  array (
    'value' => 1112,
    'name' => 'За 1 неделю до конца испытательного срока',
  ),
  27 => 
  array (
    'value' => 1116,
    'name' => 'По итогам прохождения испытательного срока',
  ),
  28 => 
  array (
    'value' => 1120,
    'name' => 'Бриф на клиентские мероприятия',
  ),
  29 => 
  array (
    'value' => 1124,
    'name' => 'Мини-проект по Б24',
  ),
  30 => 
  array (
    'value' => 1128,
    'name' => 'Еженедельные статусы по мини-проектам Б24',
  ),
  31 => 
  array (
    'value' => 1132,
    'name' => 'Заказы Monkey',
  ),
  32 => 
  array (
    'value' => 1136,
    'name' => 'Платежи Monkey',
  ),
  33 => 
  array (
    'value' => 1140,
    'name' => 'KPI и Форматы',
  ),
)array (
  0 => 
  array (
    'value' => 'Lead',
    'name' => 'Лид',
  ),
  1 => 
  array (
    'value' => 'Deal',
    'name' => 'Сделка',
  ),
  2 => 
  array (
    'value' => 'Contact',
    'name' => 'Контакт',
  ),
  3 => 
  array (
    'value' => 'Company',
    'name' => 'Компания',
  ),
  4 => 
  array (
    'value' => 133,
    'name' => 'Медиапланы',
  ),
  5 => 
  array (
    'value' => 186,
    'name' => 'Отчеты по сделкам Медиапланы',
  ),
  6 => 
  array (
    'value' => 185,
    'name' => 'Запуск бизнес-процессов',
  ),
  7 => 
  array (
    'value' => 140,
    'name' => 'Отчеты по сделкам Аккаунтинг',
  ),
  8 => 
  array (
    'value' => 1032,
    'name' => 'Задачи для Юридического отдела',
  ),
  9 => 
  array (
    'value' => 1036,
    'name' => 'Additional budget request',
  ),
  10 => 
  array (
    'value' => 1040,
    'name' => 'Отправка формы CV',
  ),
  11 => 
  array (
    'value' => 1044,
    'name' => 'Отправка формы подписки на блог',
  ),
  12 => 
  array (
    'value' => 1048,
    'name' => 'Отправка формы для Full и Platform',
  ),
  13 => 
  array (
    'value' => 1052,
    'name' => 'Meet Up',
  ),
  14 => 
  array (
    'value' => 1056,
    'name' => 'Мероприятия',
  ),
  15 => 
  array (
    'value' => 1060,
    'name' => 'Отчеты о мероприятии',
  ),
  16 => 
  array (
    'value' => 1064,
    'name' => 'Отправка формы advertisers и publishers',
  ),
  17 => 
  array (
    'value' => 1074,
    'name' => 'Список Партнеров',
  ),
  18 => 
  array (
    'value' => 1078,
    'name' => 'Ачивки',
  ),
  19 => 
  array (
    'value' => 1084,
    'name' => 'До выхода на работу',
  ),
  20 => 
  array (
    'value' => 1088,
    'name' => '1-й рабочий день',
  ),
  21 => 
  array (
    'value' => 1092,
    'name' => '1-я рабочая неделя',
  ),
  22 => 
  array (
    'value' => 1096,
    'name' => '2-й рабочий месяц',
  ),
  23 => 
  array (
    'value' => 1100,
    'name' => 'За 2 недели до конца испытательного срока',
  ),
  24 => 
  array (
    'value' => 1104,
    'name' => 'По итогам прохождения испытательного срока',
  ),
  25 => 
  array (
    'value' => 1108,
    'name' => '1-й рабочий месяц',
  ),
  26 => 
  array (
    'value' => 1112,
    'name' => 'За 1 неделю до конца испытательного срока',
  ),
  27 => 
  array (
    'value' => 1116,
    'name' => 'По итогам прохождения испытательного срока',
  ),
  28 => 
  array (
    'value' => 1120,
    'name' => 'Бриф на клиентские мероприятия',
  ),
  29 => 
  array (
    'value' => 1124,
    'name' => 'Мини-проект по Б24',
  ),
  30 => 
  array (
    'value' => 1128,
    'name' => 'Еженедельные статусы по мини-проектам Б24',
  ),
  31 => 
  array (
    'value' => 1132,
    'name' => 'Заказы Monkey',
  ),
  32 => 
  array (
    'value' => 1136,
    'name' => 'Платежи Monkey',
  ),
  33 => 
  array (
    'value' => 1140,
    'name' => 'KPI и Форматы',
  ),
)array (
  0 => 
  array (
    'value' => 'Lead',
    'name' => 'Лид',
  ),
  1 => 
  array (
    'value' => 'Deal',
    'name' => 'Сделка',
  ),
  2 => 
  array (
    'value' => 'Contact',
    'name' => 'Контакт',
  ),
  3 => 
  array (
    'value' => 'Company',
    'name' => 'Компания',
  ),
  4 => 
  array (
    'value' => 133,
    'name' => 'Медиапланы',
  ),
  5 => 
  array (
    'value' => 186,
    'name' => 'Отчеты по сделкам Медиапланы',
  ),
  6 => 
  array (
    'value' => 185,
    'name' => 'Запуск бизнес-процессов',
  ),
  7 => 
  array (
    'value' => 140,
    'name' => 'Отчеты по сделкам Аккаунтинг',
  ),
  8 => 
  array (
    'value' => 1032,
    'name' => 'Задачи для Юридического отдела',
  ),
  9 => 
  array (
    'value' => 1036,
    'name' => 'Additional budget request',
  ),
  10 => 
  array (
    'value' => 1040,
    'name' => 'Отправка формы CV',
  ),
  11 => 
  array (
    'value' => 1044,
    'name' => 'Отправка формы подписки на блог',
  ),
  12 => 
  array (
    'value' => 1048,
    'name' => 'Отправка формы для Full и Platform',
  ),
  13 => 
  array (
    'value' => 1052,
    'name' => 'Meet Up',
  ),
  14 => 
  array (
    'value' => 1056,
    'name' => 'Мероприятия',
  ),
  15 => 
  array (
    'value' => 1060,
    'name' => 'Отчеты о мероприятии',
  ),
  16 => 
  array (
    'value' => 1064,
    'name' => 'Отправка формы advertisers и publishers',
  ),
  17 => 
  array (
    'value' => 1074,
    'name' => 'Список Партнеров',
  ),
  18 => 
  array (
    'value' => 1078,
    'name' => 'Ачивки',
  ),
  19 => 
  array (
    'value' => 1084,
    'name' => 'До выхода на работу',
  ),
  20 => 
  array (
    'value' => 1088,
    'name' => '1-й рабочий день',
  ),
  21 => 
  array (
    'value' => 1092,
    'name' => '1-я рабочая неделя',
  ),
  22 => 
  array (
    'value' => 1096,
    'name' => '2-й рабочий месяц',
  ),
  23 => 
  array (
    'value' => 1100,
    'name' => 'За 2 недели до конца испытательного срока',
  ),
  24 => 
  array (
    'value' => 1104,
    'name' => 'По итогам прохождения испытательного срока',
  ),
  25 => 
  array (
    'value' => 1108,
    'name' => '1-й рабочий месяц',
  ),
  26 => 
  array (
    'value' => 1112,
    'name' => 'За 1 неделю до конца испытательного срока',
  ),
  27 => 
  array (
    'value' => 1116,
    'name' => 'По итогам прохождения испытательного срока',
  ),
  28 => 
  array (
    'value' => 1120,
    'name' => 'Бриф на клиентские мероприятия',
  ),
  29 => 
  array (
    'value' => 1124,
    'name' => 'Мини-проект по Б24',
  ),
  30 => 
  array (
    'value' => 1128,
    'name' => 'Еженедельные статусы по мини-проектам Б24',
  ),
  31 => 
  array (
    'value' => 1132,
    'name' => 'Заказы Monkey',
  ),
  32 => 
  array (
    'value' => 1136,
    'name' => 'Платежи Monkey',
  ),
  33 => 
  array (
    'value' => 1140,
    'name' => 'KPI и Форматы',
  ),
)array (
  0 => 
  array (
    'value' => 'Lead',
    'name' => 'Лид',
  ),
  1 => 
  array (
    'value' => 'Deal',
    'name' => 'Сделка',
  ),
  2 => 
  array (
    'value' => 'Contact',
    'name' => 'Контакт',
  ),
  3 => 
  array (
    'value' => 'Company',
    'name' => 'Компания',
  ),
  4 => 
  array (
    'value' => 133,
    'name' => 'Медиапланы',
  ),
  5 => 
  array (
    'value' => 186,
    'name' => 'Отчеты по сделкам Медиапланы',
  ),
  6 => 
  array (
    'value' => 185,
    'name' => 'Запуск бизнес-процессов',
  ),
  7 => 
  array (
    'value' => 140,
    'name' => 'Отчеты по сделкам Аккаунтинг',
  ),
  8 => 
  array (
    'value' => 1032,
    'name' => 'Задачи для Юридического отдела',
  ),
  9 => 
  array (
    'value' => 1036,
    'name' => 'Additional budget request',
  ),
  10 => 
  array (
    'value' => 1040,
    'name' => 'Отправка формы CV',
  ),
  11 => 
  array (
    'value' => 1044,
    'name' => 'Отправка формы подписки на блог',
  ),
  12 => 
  array (
    'value' => 1048,
    'name' => 'Отправка формы для Full и Platform',
  ),
  13 => 
  array (
    'value' => 1052,
    'name' => 'Meet Up',
  ),
  14 => 
  array (
    'value' => 1056,
    'name' => 'Мероприятия',
  ),
  15 => 
  array (
    'value' => 1060,
    'name' => 'Отчеты о мероприятии',
  ),
  16 => 
  array (
    'value' => 1064,
    'name' => 'Отправка формы advertisers и publishers',
  ),
  17 => 
  array (
    'value' => 1074,
    'name' => 'Список Партнеров',
  ),
  18 => 
  array (
    'value' => 1078,
    'name' => 'Ачивки',
  ),
  19 => 
  array (
    'value' => 1084,
    'name' => 'До выхода на работу',
  ),
  20 => 
  array (
    'value' => 1088,
    'name' => '1-й рабочий день',
  ),
  21 => 
  array (
    'value' => 1092,
    'name' => '1-я рабочая неделя',
  ),
  22 => 
  array (
    'value' => 1096,
    'name' => '2-й рабочий месяц',
  ),
  23 => 
  array (
    'value' => 1100,
    'name' => 'За 2 недели до конца испытательного срока',
  ),
  24 => 
  array (
    'value' => 1104,
    'name' => 'По итогам прохождения испытательного срока',
  ),
  25 => 
  array (
    'value' => 1108,
    'name' => '1-й рабочий месяц',
  ),
  26 => 
  array (
    'value' => 1112,
    'name' => 'За 1 неделю до конца испытательного срока',
  ),
  27 => 
  array (
    'value' => 1116,
    'name' => 'По итогам прохождения испытательного срока',
  ),
  28 => 
  array (
    'value' => 1120,
    'name' => 'Бриф на клиентские мероприятия',
  ),
  29 => 
  array (
    'value' => 1124,
    'name' => 'Мини-проект по Б24',
  ),
  30 => 
  array (
    'value' => 1128,
    'name' => 'Еженедельные статусы по мини-проектам Б24',
  ),
  31 => 
  array (
    'value' => 1132,
    'name' => 'Заказы Monkey',
  ),
  32 => 
  array (
    'value' => 1136,
    'name' => 'Платежи Monkey',
  ),
  33 => 
  array (
    'value' => 1140,
    'name' => 'KPI и Форматы',
  ),
)array (
  0 => 
  array (
    'value' => 'Lead',
    'name' => 'Лид',
  ),
  1 => 
  array (
    'value' => 'Deal',
    'name' => 'Сделка',
  ),
  2 => 
  array (
    'value' => 'Contact',
    'name' => 'Контакт',
  ),
  3 => 
  array (
    'value' => 'Company',
    'name' => 'Компания',
  ),
  4 => 
  array (
    'value' => 133,
    'name' => 'Медиапланы',
  ),
  5 => 
  array (
    'value' => 186,
    'name' => 'Отчеты по сделкам Медиапланы',
  ),
  6 => 
  array (
    'value' => 185,
    'name' => 'Запуск бизнес-процессов',
  ),
  7 => 
  array (
    'value' => 140,
    'name' => 'Отчеты по сделкам Аккаунтинг',
  ),
  8 => 
  array (
    'value' => 1032,
    'name' => 'Задачи для Юридического отдела',
  ),
  9 => 
  array (
    'value' => 1036,
    'name' => 'Additional budget request',
  ),
  10 => 
  array (
    'value' => 1040,
    'name' => 'Отправка формы CV',
  ),
  11 => 
  array (
    'value' => 1044,
    'name' => 'Отправка формы подписки на блог',
  ),
  12 => 
  array (
    'value' => 1048,
    'name' => 'Отправка формы для Full и Platform',
  ),
  13 => 
  array (
    'value' => 1052,
    'name' => 'Meet Up',
  ),
  14 => 
  array (
    'value' => 1056,
    'name' => 'Мероприятия',
  ),
  15 => 
  array (
    'value' => 1060,
    'name' => 'Отчеты о мероприятии',
  ),
  16 => 
  array (
    'value' => 1064,
    'name' => 'Отправка формы advertisers и publishers',
  ),
  17 => 
  array (
    'value' => 1074,
    'name' => 'Список Партнеров',
  ),
  18 => 
  array (
    'value' => 1078,
    'name' => 'Ачивки',
  ),
  19 => 
  array (
    'value' => 1084,
    'name' => 'До выхода на работу',
  ),
  20 => 
  array (
    'value' => 1088,
    'name' => '1-й рабочий день',
  ),
  21 => 
  array (
    'value' => 1092,
    'name' => '1-я рабочая неделя',
  ),
  22 => 
  array (
    'value' => 1096,
    'name' => '2-й рабочий месяц',
  ),
  23 => 
  array (
    'value' => 1100,
    'name' => 'За 2 недели до конца испытательного срока',
  ),
  24 => 
  array (
    'value' => 1104,
    'name' => 'По итогам прохождения испытательного срока',
  ),
  25 => 
  array (
    'value' => 1108,
    'name' => '1-й рабочий месяц',
  ),
  26 => 
  array (
    'value' => 1112,
    'name' => 'За 1 неделю до конца испытательного срока',
  ),
  27 => 
  array (
    'value' => 1116,
    'name' => 'По итогам прохождения испытательного срока',
  ),
  28 => 
  array (
    'value' => 1120,
    'name' => 'Бриф на клиентские мероприятия',
  ),
  29 => 
  array (
    'value' => 1124,
    'name' => 'Мини-проект по Б24',
  ),
  30 => 
  array (
    'value' => 1128,
    'name' => 'Еженедельные статусы по мини-проектам Б24',
  ),
  31 => 
  array (
    'value' => 1132,
    'name' => 'Заказы Monkey',
  ),
  32 => 
  array (
    'value' => 1136,
    'name' => 'Платежи Monkey',
  ),
  33 => 
  array (
    'value' => 1140,
    'name' => 'KPI и Форматы',
  ),
)array (
  0 => 
  array (
    'value' => 'Lead',
    'name' => 'Лид',
  ),
  1 => 
  array (
    'value' => 'Deal',
    'name' => 'Сделка',
  ),
  2 => 
  array (
    'value' => 'Contact',
    'name' => 'Контакт',
  ),
  3 => 
  array (
    'value' => 'Company',
    'name' => 'Компания',
  ),
  4 => 
  array (
    'value' => 133,
    'name' => 'Медиапланы',
  ),
  5 => 
  array (
    'value' => 186,
    'name' => 'Отчеты по сделкам Медиапланы',
  ),
  6 => 
  array (
    'value' => 185,
    'name' => 'Запуск бизнес-процессов',
  ),
  7 => 
  array (
    'value' => 140,
    'name' => 'Отчеты по сделкам Аккаунтинг',
  ),
  8 => 
  array (
    'value' => 1032,
    'name' => 'Задачи для Юридического отдела',
  ),
  9 => 
  array (
    'value' => 1036,
    'name' => 'Additional budget request',
  ),
  10 => 
  array (
    'value' => 1040,
    'name' => 'Отправка формы CV',
  ),
  11 => 
  array (
    'value' => 1044,
    'name' => 'Отправка формы подписки на блог',
  ),
  12 => 
  array (
    'value' => 1048,
    'name' => 'Отправка формы для Full и Platform',
  ),
  13 => 
  array (
    'value' => 1052,
    'name' => 'Meet Up',
  ),
  14 => 
  array (
    'value' => 1056,
    'name' => 'Мероприятия',
  ),
  15 => 
  array (
    'value' => 1060,
    'name' => 'Отчеты о мероприятии',
  ),
  16 => 
  array (
    'value' => 1064,
    'name' => 'Отправка формы advertisers и publishers',
  ),
  17 => 
  array (
    'value' => 1074,
    'name' => 'Список Партнеров',
  ),
  18 => 
  array (
    'value' => 1078,
    'name' => 'Ачивки',
  ),
  19 => 
  array (
    'value' => 1084,
    'name' => 'До выхода на работу',
  ),
  20 => 
  array (
    'value' => 1088,
    'name' => '1-й рабочий день',
  ),
  21 => 
  array (
    'value' => 1092,
    'name' => '1-я рабочая неделя',
  ),
  22 => 
  array (
    'value' => 1096,
    'name' => '2-й рабочий месяц',
  ),
  23 => 
  array (
    'value' => 1100,
    'name' => 'За 2 недели до конца испытательного срока',
  ),
  24 => 
  array (
    'value' => 1104,
    'name' => 'По итогам прохождения испытательного срока',
  ),
  25 => 
  array (
    'value' => 1108,
    'name' => '1-й рабочий месяц',
  ),
  26 => 
  array (
    'value' => 1112,
    'name' => 'За 1 неделю до конца испытательного срока',
  ),
  27 => 
  array (
    'value' => 1116,
    'name' => 'По итогам прохождения испытательного срока',
  ),
  28 => 
  array (
    'value' => 1120,
    'name' => 'Бриф на клиентские мероприятия',
  ),
  29 => 
  array (
    'value' => 1124,
    'name' => 'Мини-проект по Б24',
  ),
  30 => 
  array (
    'value' => 1128,
    'name' => 'Еженедельные статусы по мини-проектам Б24',
  ),
  31 => 
  array (
    'value' => 1132,
    'name' => 'Заказы Monkey',
  ),
  32 => 
  array (
    'value' => 1136,
    'name' => 'Платежи Monkey',
  ),
  33 => 
  array (
    'value' => 1140,
    'name' => 'KPI и Форматы',
  ),
)array (
  0 => 
  array (
    'value' => 'Lead',
    'name' => 'Лид',
  ),
  1 => 
  array (
    'value' => 'Deal',
    'name' => 'Сделка',
  ),
  2 => 
  array (
    'value' => 'Contact',
    'name' => 'Контакт',
  ),
  3 => 
  array (
    'value' => 'Company',
    'name' => 'Компания',
  ),
  4 => 
  array (
    'value' => 133,
    'name' => 'Медиапланы',
  ),
  5 => 
  array (
    'value' => 186,
    'name' => 'Отчеты по сделкам Медиапланы',
  ),
  6 => 
  array (
    'value' => 185,
    'name' => 'Запуск бизнес-процессов',
  ),
  7 => 
  array (
    'value' => 140,
    'name' => 'Отчеты по сделкам Аккаунтинг',
  ),
  8 => 
  array (
    'value' => 1032,
    'name' => 'Задачи для Юридического отдела',
  ),
  9 => 
  array (
    'value' => 1036,
    'name' => 'Additional budget request',
  ),
  10 => 
  array (
    'value' => 1040,
    'name' => 'Отправка формы CV',
  ),
  11 => 
  array (
    'value' => 1044,
    'name' => 'Отправка формы подписки на блог',
  ),
  12 => 
  array (
    'value' => 1048,
    'name' => 'Отправка формы для Full и Platform',
  ),
  13 => 
  array (
    'value' => 1052,
    'name' => 'Meet Up',
  ),
  14 => 
  array (
    'value' => 1056,
    'name' => 'Мероприятия',
  ),
  15 => 
  array (
    'value' => 1060,
    'name' => 'Отчеты о мероприятии',
  ),
  16 => 
  array (
    'value' => 1064,
    'name' => 'Отправка формы advertisers и publishers',
  ),
  17 => 
  array (
    'value' => 1074,
    'name' => 'Список Партнеров',
  ),
  18 => 
  array (
    'value' => 1078,
    'name' => 'Ачивки',
  ),
  19 => 
  array (
    'value' => 1084,
    'name' => 'До выхода на работу',
  ),
  20 => 
  array (
    'value' => 1088,
    'name' => '1-й рабочий день',
  ),
  21 => 
  array (
    'value' => 1092,
    'name' => '1-я рабочая неделя',
  ),
  22 => 
  array (
    'value' => 1096,
    'name' => '2-й рабочий месяц',
  ),
  23 => 
  array (
    'value' => 1100,
    'name' => 'За 2 недели до конца испытательного срока',
  ),
  24 => 
  array (
    'value' => 1104,
    'name' => 'По итогам прохождения испытательного срока',
  ),
  25 => 
  array (
    'value' => 1108,
    'name' => '1-й рабочий месяц',
  ),
  26 => 
  array (
    'value' => 1112,
    'name' => 'За 1 неделю до конца испытательного срока',
  ),
  27 => 
  array (
    'value' => 1116,
    'name' => 'По итогам прохождения испытательного срока',
  ),
  28 => 
  array (
    'value' => 1120,
    'name' => 'Бриф на клиентские мероприятия',
  ),
  29 => 
  array (
    'value' => 1124,
    'name' => 'Мини-проект по Б24',
  ),
  30 => 
  array (
    'value' => 1128,
    'name' => 'Еженедельные статусы по мини-проектам Б24',
  ),
  31 => 
  array (
    'value' => 1132,
    'name' => 'Заказы Monkey',
  ),
  32 => 
  array (
    'value' => 1136,
    'name' => 'Платежи Monkey',
  ),
  33 => 
  array (
    'value' => 1140,
    'name' => 'KPI и Форматы',
  ),
)array (
  0 => 
  array (
    'value' => 'Lead',
    'name' => 'Лид',
  ),
  1 => 
  array (
    'value' => 'Deal',
    'name' => 'Сделка',
  ),
  2 => 
  array (
    'value' => 'Contact',
    'name' => 'Контакт',
  ),
  3 => 
  array (
    'value' => 'Company',
    'name' => 'Компания',
  ),
  4 => 
  array (
    'value' => 133,
    'name' => 'Медиапланы',
  ),
  5 => 
  array (
    'value' => 186,
    'name' => 'Отчеты по сделкам Медиапланы',
  ),
  6 => 
  array (
    'value' => 185,
    'name' => 'Запуск бизнес-процессов',
  ),
  7 => 
  array (
    'value' => 140,
    'name' => 'Отчеты по сделкам Аккаунтинг',
  ),
  8 => 
  array (
    'value' => 1032,
    'name' => 'Задачи для Юридического отдела',
  ),
  9 => 
  array (
    'value' => 1036,
    'name' => 'Additional budget request',
  ),
  10 => 
  array (
    'value' => 1040,
    'name' => 'Отправка формы CV',
  ),
  11 => 
  array (
    'value' => 1044,
    'name' => 'Отправка формы подписки на блог',
  ),
  12 => 
  array (
    'value' => 1048,
    'name' => 'Отправка формы для Full и Platform',
  ),
  13 => 
  array (
    'value' => 1052,
    'name' => 'Meet Up',
  ),
  14 => 
  array (
    'value' => 1056,
    'name' => 'Мероприятия',
  ),
  15 => 
  array (
    'value' => 1060,
    'name' => 'Отчеты о мероприятии',
  ),
  16 => 
  array (
    'value' => 1064,
    'name' => 'Отправка формы advertisers и publishers',
  ),
  17 => 
  array (
    'value' => 1074,
    'name' => 'Список Партнеров',
  ),
  18 => 
  array (
    'value' => 1078,
    'name' => 'Ачивки',
  ),
  19 => 
  array (
    'value' => 1084,
    'name' => 'До выхода на работу',
  ),
  20 => 
  array (
    'value' => 1088,
    'name' => '1-й рабочий день',
  ),
  21 => 
  array (
    'value' => 1092,
    'name' => '1-я рабочая неделя',
  ),
  22 => 
  array (
    'value' => 1096,
    'name' => '2-й рабочий месяц',
  ),
  23 => 
  array (
    'value' => 1100,
    'name' => 'За 2 недели до конца испытательного срока',
  ),
  24 => 
  array (
    'value' => 1104,
    'name' => 'По итогам прохождения испытательного срока',
  ),
  25 => 
  array (
    'value' => 1108,
    'name' => '1-й рабочий месяц',
  ),
  26 => 
  array (
    'value' => 1112,
    'name' => 'За 1 неделю до конца испытательного срока',
  ),
  27 => 
  array (
    'value' => 1116,
    'name' => 'По итогам прохождения испытательного срока',
  ),
  28 => 
  array (
    'value' => 1120,
    'name' => 'Бриф на клиентские мероприятия',
  ),
  29 => 
  array (
    'value' => 1124,
    'name' => 'Мини-проект по Б24',
  ),
  30 => 
  array (
    'value' => 1128,
    'name' => 'Еженедельные статусы по мини-проектам Б24',
  ),
  31 => 
  array (
    'value' => 1132,
    'name' => 'Заказы Monkey',
  ),
  32 => 
  array (
    'value' => 1136,
    'name' => 'Платежи Monkey',
  ),
  33 => 
  array (
    'value' => 1140,
    'name' => 'KPI и Форматы',
  ),
)array (
  0 => 
  array (
    'value' => 'Lead',
    'name' => 'Лид',
  ),
  1 => 
  array (
    'value' => 'Deal',
    'name' => 'Сделка',
  ),
  2 => 
  array (
    'value' => 'Contact',
    'name' => 'Контакт',
  ),
  3 => 
  array (
    'value' => 'Company',
    'name' => 'Компания',
  ),
  4 => 
  array (
    'value' => 133,
    'name' => 'Медиапланы',
  ),
  5 => 
  array (
    'value' => 186,
    'name' => 'Отчеты по сделкам Медиапланы',
  ),
  6 => 
  array (
    'value' => 185,
    'name' => 'Запуск бизнес-процессов',
  ),
  7 => 
  array (
    'value' => 140,
    'name' => 'Отчеты по сделкам Аккаунтинг',
  ),
  8 => 
  array (
    'value' => 1032,
    'name' => 'Задачи для Юридического отдела',
  ),
  9 => 
  array (
    'value' => 1036,
    'name' => 'Additional budget request',
  ),
  10 => 
  array (
    'value' => 1040,
    'name' => 'Отправка формы CV',
  ),
  11 => 
  array (
    'value' => 1044,
    'name' => 'Отправка формы подписки на блог',
  ),
  12 => 
  array (
    'value' => 1048,
    'name' => 'Отправка формы для Full и Platform',
  ),
  13 => 
  array (
    'value' => 1052,
    'name' => 'Meet Up',
  ),
  14 => 
  array (
    'value' => 1056,
    'name' => 'Мероприятия',
  ),
  15 => 
  array (
    'value' => 1060,
    'name' => 'Отчеты о мероприятии',
  ),
  16 => 
  array (
    'value' => 1064,
    'name' => 'Отправка формы advertisers и publishers',
  ),
  17 => 
  array (
    'value' => 1074,
    'name' => 'Список Партнеров',
  ),
  18 => 
  array (
    'value' => 1078,
    'name' => 'Ачивки',
  ),
  19 => 
  array (
    'value' => 1084,
    'name' => 'До выхода на работу',
  ),
  20 => 
  array (
    'value' => 1088,
    'name' => '1-й рабочий день',
  ),
  21 => 
  array (
    'value' => 1092,
    'name' => '1-я рабочая неделя',
  ),
  22 => 
  array (
    'value' => 1096,
    'name' => '2-й рабочий месяц',
  ),
  23 => 
  array (
    'value' => 1100,
    'name' => 'За 2 недели до конца испытательного срока',
  ),
  24 => 
  array (
    'value' => 1104,
    'name' => 'По итогам прохождения испытательного срока',
  ),
  25 => 
  array (
    'value' => 1108,
    'name' => '1-й рабочий месяц',
  ),
  26 => 
  array (
    'value' => 1112,
    'name' => 'За 1 неделю до конца испытательного срока',
  ),
  27 => 
  array (
    'value' => 1116,
    'name' => 'По итогам прохождения испытательного срока',
  ),
  28 => 
  array (
    'value' => 1120,
    'name' => 'Бриф на клиентские мероприятия',
  ),
  29 => 
  array (
    'value' => 1124,
    'name' => 'Мини-проект по Б24',
  ),
  30 => 
  array (
    'value' => 1128,
    'name' => 'Еженедельные статусы по мини-проектам Б24',
  ),
  31 => 
  array (
    'value' => 1132,
    'name' => 'Заказы Monkey',
  ),
  32 => 
  array (
    'value' => 1136,
    'name' => 'Платежи Monkey',
  ),
  33 => 
  array (
    'value' => 1140,
    'name' => 'KPI и Форматы',
  ),
)array (
  0 => 
  array (
    'value' => 'Lead',
    'name' => 'Лид',
  ),
  1 => 
  array (
    'value' => 'Deal',
    'name' => 'Сделка',
  ),
  2 => 
  array (
    'value' => 'Contact',
    'name' => 'Контакт',
  ),
  3 => 
  array (
    'value' => 'Company',
    'name' => 'Компания',
  ),
  4 => 
  array (
    'value' => 133,
    'name' => 'Медиапланы',
  ),
  5 => 
  array (
    'value' => 186,
    'name' => 'Отчеты по сделкам Медиапланы',
  ),
  6 => 
  array (
    'value' => 185,
    'name' => 'Запуск бизнес-процессов',
  ),
  7 => 
  array (
    'value' => 140,
    'name' => 'Отчеты по сделкам Аккаунтинг',
  ),
  8 => 
  array (
    'value' => 1032,
    'name' => 'Задачи для Юридического отдела',
  ),
  9 => 
  array (
    'value' => 1036,
    'name' => 'Additional budget request',
  ),
  10 => 
  array (
    'value' => 1040,
    'name' => 'Отправка формы CV',
  ),
  11 => 
  array (
    'value' => 1044,
    'name' => 'Отправка формы подписки на блог',
  ),
  12 => 
  array (
    'value' => 1048,
    'name' => 'Отправка формы для Full и Platform',
  ),
  13 => 
  array (
    'value' => 1052,
    'name' => 'Meet Up',
  ),
  14 => 
  array (
    'value' => 1056,
    'name' => 'Мероприятия',
  ),
  15 => 
  array (
    'value' => 1060,
    'name' => 'Отчеты о мероприятии',
  ),
  16 => 
  array (
    'value' => 1064,
    'name' => 'Отправка формы advertisers и publishers',
  ),
  17 => 
  array (
    'value' => 1074,
    'name' => 'Список Партнеров',
  ),
  18 => 
  array (
    'value' => 1078,
    'name' => 'Ачивки',
  ),
  19 => 
  array (
    'value' => 1084,
    'name' => 'До выхода на работу',
  ),
  20 => 
  array (
    'value' => 1088,
    'name' => '1-й рабочий день',
  ),
  21 => 
  array (
    'value' => 1092,
    'name' => '1-я рабочая неделя',
  ),
  22 => 
  array (
    'value' => 1096,
    'name' => '2-й рабочий месяц',
  ),
  23 => 
  array (
    'value' => 1100,
    'name' => 'За 2 недели до конца испытательного срока',
  ),
  24 => 
  array (
    'value' => 1104,
    'name' => 'По итогам прохождения испытательного срока',
  ),
  25 => 
  array (
    'value' => 1108,
    'name' => '1-й рабочий месяц',
  ),
  26 => 
  array (
    'value' => 1112,
    'name' => 'За 1 неделю до конца испытательного срока',
  ),
  27 => 
  array (
    'value' => 1116,
    'name' => 'По итогам прохождения испытательного срока',
  ),
  28 => 
  array (
    'value' => 1120,
    'name' => 'Бриф на клиентские мероприятия',
  ),
  29 => 
  array (
    'value' => 1124,
    'name' => 'Мини-проект по Б24',
  ),
  30 => 
  array (
    'value' => 1128,
    'name' => 'Еженедельные статусы по мини-проектам Б24',
  ),
  31 => 
  array (
    'value' => 1132,
    'name' => 'Заказы Monkey',
  ),
  32 => 
  array (
    'value' => 1136,
    'name' => 'Платежи Monkey',
  ),
  33 => 
  array (
    'value' => 1140,
    'name' => 'KPI и Форматы',
  ),
)array (
  0 => 
  array (
    'value' => 'Lead',
    'name' => 'Лид',
  ),
  1 => 
  array (
    'value' => 'Deal',
    'name' => 'Сделка',
  ),
  2 => 
  array (
    'value' => 'Contact',
    'name' => 'Контакт',
  ),
  3 => 
  array (
    'value' => 'Company',
    'name' => 'Компания',
  ),
  4 => 
  array (
    'value' => 133,
    'name' => 'Медиапланы',
  ),
  5 => 
  array (
    'value' => 186,
    'name' => 'Отчеты по сделкам Медиапланы',
  ),
  6 => 
  array (
    'value' => 185,
    'name' => 'Запуск бизнес-процессов',
  ),
  7 => 
  array (
    'value' => 140,
    'name' => 'Отчеты по сделкам Аккаунтинг',
  ),
  8 => 
  array (
    'value' => 1032,
    'name' => 'Задачи для Юридического отдела',
  ),
  9 => 
  array (
    'value' => 1036,
    'name' => 'Additional budget request',
  ),
  10 => 
  array (
    'value' => 1040,
    'name' => 'Отправка формы CV',
  ),
  11 => 
  array (
    'value' => 1044,
    'name' => 'Отправка формы подписки на блог',
  ),
  12 => 
  array (
    'value' => 1048,
    'name' => 'Отправка формы для Full и Platform',
  ),
  13 => 
  array (
    'value' => 1052,
    'name' => 'Meet Up',
  ),
  14 => 
  array (
    'value' => 1056,
    'name' => 'Мероприятия',
  ),
  15 => 
  array (
    'value' => 1060,
    'name' => 'Отчеты о мероприятии',
  ),
  16 => 
  array (
    'value' => 1064,
    'name' => 'Отправка формы advertisers и publishers',
  ),
  17 => 
  array (
    'value' => 1074,
    'name' => 'Список Партнеров',
  ),
  18 => 
  array (
    'value' => 1078,
    'name' => 'Ачивки',
  ),
  19 => 
  array (
    'value' => 1084,
    'name' => 'До выхода на работу',
  ),
  20 => 
  array (
    'value' => 1088,
    'name' => '1-й рабочий день',
  ),
  21 => 
  array (
    'value' => 1092,
    'name' => '1-я рабочая неделя',
  ),
  22 => 
  array (
    'value' => 1096,
    'name' => '2-й рабочий месяц',
  ),
  23 => 
  array (
    'value' => 1100,
    'name' => 'За 2 недели до конца испытательного срока',
  ),
  24 => 
  array (
    'value' => 1104,
    'name' => 'По итогам прохождения испытательного срока',
  ),
  25 => 
  array (
    'value' => 1108,
    'name' => '1-й рабочий месяц',
  ),
  26 => 
  array (
    'value' => 1112,
    'name' => 'За 1 неделю до конца испытательного срока',
  ),
  27 => 
  array (
    'value' => 1116,
    'name' => 'По итогам прохождения испытательного срока',
  ),
  28 => 
  array (
    'value' => 1120,
    'name' => 'Бриф на клиентские мероприятия',
  ),
  29 => 
  array (
    'value' => 1124,
    'name' => 'Мини-проект по Б24',
  ),
  30 => 
  array (
    'value' => 1128,
    'name' => 'Еженедельные статусы по мини-проектам Б24',
  ),
  31 => 
  array (
    'value' => 1132,
    'name' => 'Заказы Monkey',
  ),
  32 => 
  array (
    'value' => 1136,
    'name' => 'Платежи Monkey',
  ),
  33 => 
  array (
    'value' => 1140,
    'name' => 'KPI и Форматы',
  ),
)array (
  0 => 
  array (
    'value' => 'Lead',
    'name' => 'Лид',
  ),
  1 => 
  array (
    'value' => 'Deal',
    'name' => 'Сделка',
  ),
  2 => 
  array (
    'value' => 'Contact',
    'name' => 'Контакт',
  ),
  3 => 
  array (
    'value' => 'Company',
    'name' => 'Компания',
  ),
  4 => 
  array (
    'value' => 133,
    'name' => 'Медиапланы',
  ),
  5 => 
  array (
    'value' => 186,
    'name' => 'Отчеты по сделкам Медиапланы',
  ),
  6 => 
  array (
    'value' => 185,
    'name' => 'Запуск бизнес-процессов',
  ),
  7 => 
  array (
    'value' => 140,
    'name' => 'Отчеты по сделкам Аккаунтинг',
  ),
  8 => 
  array (
    'value' => 1032,
    'name' => 'Задачи для Юридического отдела',
  ),
  9 => 
  array (
    'value' => 1036,
    'name' => 'Additional budget request',
  ),
  10 => 
  array (
    'value' => 1040,
    'name' => 'Отправка формы CV',
  ),
  11 => 
  array (
    'value' => 1044,
    'name' => 'Отправка формы подписки на блог',
  ),
  12 => 
  array (
    'value' => 1048,
    'name' => 'Отправка формы для Full и Platform',
  ),
  13 => 
  array (
    'value' => 1052,
    'name' => 'Meet Up',
  ),
  14 => 
  array (
    'value' => 1056,
    'name' => 'Мероприятия',
  ),
  15 => 
  array (
    'value' => 1060,
    'name' => 'Отчеты о мероприятии',
  ),
  16 => 
  array (
    'value' => 1064,
    'name' => 'Отправка формы advertisers и publishers',
  ),
  17 => 
  array (
    'value' => 1074,
    'name' => 'Список Партнеров',
  ),
  18 => 
  array (
    'value' => 1078,
    'name' => 'Ачивки',
  ),
  19 => 
  array (
    'value' => 1084,
    'name' => 'До выхода на работу',
  ),
  20 => 
  array (
    'value' => 1088,
    'name' => '1-й рабочий день',
  ),
  21 => 
  array (
    'value' => 1092,
    'name' => '1-я рабочая неделя',
  ),
  22 => 
  array (
    'value' => 1096,
    'name' => '2-й рабочий месяц',
  ),
  23 => 
  array (
    'value' => 1100,
    'name' => 'За 2 недели до конца испытательного срока',
  ),
  24 => 
  array (
    'value' => 1104,
    'name' => 'По итогам прохождения испытательного срока',
  ),
  25 => 
  array (
    'value' => 1108,
    'name' => '1-й рабочий месяц',
  ),
  26 => 
  array (
    'value' => 1112,
    'name' => 'За 1 неделю до конца испытательного срока',
  ),
  27 => 
  array (
    'value' => 1116,
    'name' => 'По итогам прохождения испытательного срока',
  ),
  28 => 
  array (
    'value' => 1120,
    'name' => 'Бриф на клиентские мероприятия',
  ),
  29 => 
  array (
    'value' => 1124,
    'name' => 'Мини-проект по Б24',
  ),
  30 => 
  array (
    'value' => 1128,
    'name' => 'Еженедельные статусы по мини-проектам Б24',
  ),
  31 => 
  array (
    'value' => 1132,
    'name' => 'Заказы Monkey',
  ),
  32 => 
  array (
    'value' => 1136,
    'name' => 'Платежи Monkey',
  ),
  33 => 
  array (
    'value' => 1140,
    'name' => 'KPI и Форматы',
  ),
)array (
  0 => 
  array (
    'value' => 'Lead',
    'name' => 'Лид',
  ),
  1 => 
  array (
    'value' => 'Deal',
    'name' => 'Сделка',
  ),
  2 => 
  array (
    'value' => 'Contact',
    'name' => 'Контакт',
  ),
  3 => 
  array (
    'value' => 'Company',
    'name' => 'Компания',
  ),
  4 => 
  array (
    'value' => 157,
    'name' => 'Договоры САПР',
  ),
  5 => 
  array (
    'value' => 142,
    'name' => 'Документы ОПУП',
  ),
  6 => 
  array (
    'value' => 155,
    'name' => 'Новый проект в работу',
  ),
  7 => 
  array (
    'value' => 178,
    'name' => 'Расходы',
  ),
  8 => 
  array (
    'value' => 143,
    'name' => 'Акты',
  ),
  9 => 
  array (
    'value' => 190,
    'name' => 'Субподряд',
  ),
  10 => 
  array (
    'value' => 189,
    'name' => 'Технические задания',
  ),
  11 => 
  array (
    'value' => 133,
    'name' => 'Технические задания (Запрос)',
  ),
  12 => 
  array (
    'value' => 159,
    'name' => 'Договоры',
  ),
  13 => 
  array (
    'value' => 150,
    'name' => 'Дополнительное соглашение',
  ),
  14 => 
  array (
    'value' => 154,
    'name' => 'Договор субподряда',
  ),
  15 => 
  array (
    'value' => 162,
    'name' => 'Этапы',
  ),
  16 => 
  array (
    'value' => 173,
    'name' => 'Части проектов',
  ),
  17 => 
  array (
    'value' => 169,
    'name' => 'Исходные данные',
  ),
  18 => 
  array (
    'value' => 146,
    'name' => 'Заказная документация/Рассмотрение РКД',
  ),
  19 => 
  array (
    'value' => 185,
    'name' => 'Командировки (канбан доска)',
  ),
  20 => 
  array (
    'value' => 187,
    'name' => 'Сотрудники',
  ),
  21 => 
  array (
    'value' => 148,
    'name' => 'Субподряд тест переноса',
  ),
  22 => 
  array (
    'value' => 137,
    'name' => 'Заявка на обучение',
  ),
  23 => 
  array (
    'value' => 177,
    'name' => 'Регистрация проекта',
  ),
  24 => 
  array (
    'value' => 172,
    'name' => 'Нормативные обучения',
  ),
  25 => 
  array (
    'value' => 141,
    'name' => 'Список обучения РТН',
  ),
  26 => 
  array (
    'value' => 168,
    'name' => 'СТРАТЕГИЯ / ЦЕЛИ',
  ),
  27 => 
  array (
    'value' => 181,
    'name' => 'Клиенты и перспективные лиды',
  ),
  28 => 
  array (
    'value' => 136,
    'name' => 'Работы фрилансеров',
  ),
  29 => 
  array (
    'value' => 140,
    'name' => 'Фрилансеры',
  ),
  30 => 
  array (
    'value' => 138,
    'name' => 'HELPDESK',
  ),
  31 => 
  array (
    'value' => 149,
    'name' => 'Отправка документации. Технический процесс',
  ),
  32 => 
  array (
    'value' => 174,
    'name' => 'Командировки',
  ),
  33 => 
  array (
    'value' => 186,
    'name' => 'Вакансии',
  ),
  34 => 
  array (
    'value' => 139,
    'name' => 'Рекрутинг',
  ),
  35 => 
  array (
    'value' => 144,
    'name' => 'Прием на работу',
  ),
  36 => 
  array (
    'value' => 163,
    'name' => 'Обучение 3D',
  ),
  37 => 
  array (
    'value' => 134,
    'name' => 'ОПРОСЫ',
  ),
  38 => 
  array (
    'value' => 131,
    'name' => 'Портфель проектов',
  ),
  39 => 
  array (
    'value' => 191,
    'name' => 'ОПРОС. Метод Кано',
  ),
  40 => 
  array (
    'value' => 153,
    'name' => 'Авторский надзор',
  ),
  41 => 
  array (
    'value' => 175,
    'name' => 'Инциденты',
  ),
  42 => 
  array (
    'value' => 129,
    'name' => 'Перспективные работы',
  ),
  43 => 
  array (
    'value' => 158,
    'name' => 'Задачи САПР',
  ),
  44 => 
  array (
    'value' => 135,
    'name' => 'Разработка сметной документации',
  ),
  45 => 
  array (
    'value' => 176,
    'name' => 'Выработка сотрудников по кварталам',
  ),
  46 => 
  array (
    'value' => 182,
    'name' => 'Заказная документация',
  ),
  47 => 
  array (
    'value' => 167,
    'name' => 'Дашборды для показателей',
  ),
  48 => 
  array (
    'value' => 161,
    'name' => 'Согласование ОБП',
  ),
  49 => 
  array (
    'value' => 1032,
    'name' => 'HELPDESK Bitrix 24 (оперативные вопросы)',
  ),
)array (
  0 => 
  array (
    'value' => 'Lead',
    'name' => 'Лид',
  ),
  1 => 
  array (
    'value' => 'Deal',
    'name' => 'Сделка',
  ),
  2 => 
  array (
    'value' => 'Contact',
    'name' => 'Контакт',
  ),
  3 => 
  array (
    'value' => 'Company',
    'name' => 'Компания',
  ),
  4 => 
  array (
    'value' => 173,
    'name' => 'Объекты',
  ),
  5 => 
  array (
    'value' => 191,
    'name' => 'Приказы',
  ),
  6 => 
  array (
    'value' => 186,
    'name' => 'DocumentiX',
  ),
  7 => 
  array (
    'value' => 154,
    'name' => 'IT-заявки (DEV)',
  ),
  8 => 
  array (
    'value' => 128,
    'name' => 'Промокоды',
  ),
  9 => 
  array (
    'value' => 146,
    'name' => 'Проверки',
  ),
  10 => 
  array (
    'value' => 141,
    'name' => 'Песочница',
  ),
  11 => 
  array (
    'value' => 145,
    'name' => 'Заявки на изменения на сайте',
  ),
)array (
  0 => 
  array (
    'value' => 'Lead',
    'name' => 'Лид',
  ),
  1 => 
  array (
    'value' => 'Deal',
    'name' => 'Сделка',
  ),
  2 => 
  array (
    'value' => 'Contact',
    'name' => 'Контакт',
  ),
  3 => 
  array (
    'value' => 'Company',
    'name' => 'Компания',
  ),
  4 => 
  array (
    'value' => 173,
    'name' => 'Объекты',
  ),
  5 => 
  array (
    'value' => 191,
    'name' => 'Приказы',
  ),
  6 => 
  array (
    'value' => 186,
    'name' => 'DocumentiX',
  ),
  7 => 
  array (
    'value' => 154,
    'name' => 'IT-заявки (DEV)',
  ),
  8 => 
  array (
    'value' => 128,
    'name' => 'Промокоды',
  ),
  9 => 
  array (
    'value' => 146,
    'name' => 'Проверки',
  ),
  10 => 
  array (
    'value' => 141,
    'name' => 'Песочница',
  ),
  11 => 
  array (
    'value' => 145,
    'name' => 'Заявки на изменения на сайте',
  ),
)array (
  0 => 
  array (
    'value' => 'Lead',
    'name' => 'Лид',
  ),
  1 => 
  array (
    'value' => 'Deal',
    'name' => 'Сделка',
  ),
  2 => 
  array (
    'value' => 'Contact',
    'name' => 'Контакт',
  ),
  3 => 
  array (
    'value' => 'Company',
    'name' => 'Компания',
  ),
  4 => 
  array (
    'value' => 173,
    'name' => 'Объекты',
  ),
  5 => 
  array (
    'value' => 191,
    'name' => 'Приказы',
  ),
  6 => 
  array (
    'value' => 186,
    'name' => 'DocumentiX',
  ),
  7 => 
  array (
    'value' => 154,
    'name' => 'IT-заявки (DEV)',
  ),
  8 => 
  array (
    'value' => 128,
    'name' => 'Промокоды',
  ),
  9 => 
  array (
    'value' => 146,
    'name' => 'Проверки',
  ),
  10 => 
  array (
    'value' => 141,
    'name' => 'Песочница',
  ),
  11 => 
  array (
    'value' => 145,
    'name' => 'Заявки на изменения на сайте',
  ),
)array (
  0 => 
  array (
    'value' => 'Lead',
    'name' => 'Лид',
  ),
  1 => 
  array (
    'value' => 'Deal',
    'name' => 'Сделка',
  ),
  2 => 
  array (
    'value' => 'Contact',
    'name' => 'Контакт',
  ),
  3 => 
  array (
    'value' => 'Company',
    'name' => 'Компания',
  ),
  4 => 
  array (
    'value' => 173,
    'name' => 'Объекты',
  ),
  5 => 
  array (
    'value' => 191,
    'name' => 'Приказы',
  ),
  6 => 
  array (
    'value' => 186,
    'name' => 'DocumentiX',
  ),
  7 => 
  array (
    'value' => 154,
    'name' => 'IT-заявки (DEV)',
  ),
  8 => 
  array (
    'value' => 128,
    'name' => 'Промокоды',
  ),
  9 => 
  array (
    'value' => 146,
    'name' => 'Проверки',
  ),
  10 => 
  array (
    'value' => 141,
    'name' => 'Песочница',
  ),
  11 => 
  array (
    'value' => 145,
    'name' => 'Заявки на изменения на сайте',
  ),
)array (
  0 => 
  array (
    'value' => 'Lead',
    'name' => 'Лид',
  ),
  1 => 
  array (
    'value' => 'Deal',
    'name' => 'Сделка',
  ),
  2 => 
  array (
    'value' => 'Contact',
    'name' => 'Контакт',
  ),
  3 => 
  array (
    'value' => 'Company',
    'name' => 'Компания',
  ),
  4 => 
  array (
    'value' => 157,
    'name' => 'Договоры САПР',
  ),
  5 => 
  array (
    'value' => 142,
    'name' => 'Документы ОПУП',
  ),
  6 => 
  array (
    'value' => 155,
    'name' => 'Новый проект в работу',
  ),
  7 => 
  array (
    'value' => 178,
    'name' => 'Расходы',
  ),
  8 => 
  array (
    'value' => 143,
    'name' => 'Акты',
  ),
  9 => 
  array (
    'value' => 190,
    'name' => 'Субподряд',
  ),
  10 => 
  array (
    'value' => 189,
    'name' => 'Технические задания',
  ),
  11 => 
  array (
    'value' => 133,
    'name' => 'Технические задания (Запрос)',
  ),
  12 => 
  array (
    'value' => 159,
    'name' => 'Договоры',
  ),
  13 => 
  array (
    'value' => 150,
    'name' => 'Дополнительное соглашение',
  ),
  14 => 
  array (
    'value' => 154,
    'name' => 'Договор субподряда',
  ),
  15 => 
  array (
    'value' => 162,
    'name' => 'Этапы',
  ),
  16 => 
  array (
    'value' => 173,
    'name' => 'Части проектов',
  ),
  17 => 
  array (
    'value' => 169,
    'name' => 'Исходные данные',
  ),
  18 => 
  array (
    'value' => 146,
    'name' => 'Заказная документация/Рассмотрение РКД',
  ),
  19 => 
  array (
    'value' => 185,
    'name' => 'Командировки (канбан доска)',
  ),
  20 => 
  array (
    'value' => 187,
    'name' => 'Сотрудники',
  ),
  21 => 
  array (
    'value' => 148,
    'name' => 'Субподряд тест переноса',
  ),
  22 => 
  array (
    'value' => 137,
    'name' => 'Заявка на обучение',
  ),
  23 => 
  array (
    'value' => 177,
    'name' => 'Регистрация проекта',
  ),
  24 => 
  array (
    'value' => 172,
    'name' => 'Нормативные обучения',
  ),
  25 => 
  array (
    'value' => 141,
    'name' => 'Список обучения РТН',
  ),
  26 => 
  array (
    'value' => 168,
    'name' => 'СТРАТЕГИЯ / ЦЕЛИ',
  ),
  27 => 
  array (
    'value' => 181,
    'name' => 'Клиенты и перспективные лиды',
  ),
  28 => 
  array (
    'value' => 136,
    'name' => 'Работы фрилансеров',
  ),
  29 => 
  array (
    'value' => 140,
    'name' => 'Фрилансеры',
  ),
  30 => 
  array (
    'value' => 138,
    'name' => 'HELPDESK',
  ),
  31 => 
  array (
    'value' => 149,
    'name' => 'Отправка документации. Технический процесс',
  ),
  32 => 
  array (
    'value' => 174,
    'name' => 'Командировки',
  ),
  33 => 
  array (
    'value' => 186,
    'name' => 'Вакансии',
  ),
  34 => 
  array (
    'value' => 139,
    'name' => 'Рекрутинг',
  ),
  35 => 
  array (
    'value' => 144,
    'name' => 'Прием на работу',
  ),
  36 => 
  array (
    'value' => 163,
    'name' => 'Обучение 3D',
  ),
  37 => 
  array (
    'value' => 134,
    'name' => 'ОПРОСЫ',
  ),
  38 => 
  array (
    'value' => 131,
    'name' => 'Портфель проектов',
  ),
  39 => 
  array (
    'value' => 191,
    'name' => 'ОПРОС. Метод Кано',
  ),
  40 => 
  array (
    'value' => 153,
    'name' => 'Авторский надзор',
  ),
  41 => 
  array (
    'value' => 175,
    'name' => 'Инциденты',
  ),
  42 => 
  array (
    'value' => 129,
    'name' => 'Перспективные работы',
  ),
  43 => 
  array (
    'value' => 158,
    'name' => 'Задачи САПР',
  ),
  44 => 
  array (
    'value' => 135,
    'name' => 'Разработка сметной документации',
  ),
  45 => 
  array (
    'value' => 176,
    'name' => 'Выработка сотрудников по кварталам',
  ),
  46 => 
  array (
    'value' => 182,
    'name' => 'Заказная документация',
  ),
  47 => 
  array (
    'value' => 167,
    'name' => 'Дашборды для показателей',
  ),
  48 => 
  array (
    'value' => 161,
    'name' => 'Согласование ОБП',
  ),
  49 => 
  array (
    'value' => 1032,
    'name' => 'HELPDESK Bitrix 24 (оперативные вопросы)',
  ),
)array (
  0 => 
  array (
    'value' => 'Lead',
    'name' => 'Лид',
  ),
  1 => 
  array (
    'value' => 'Deal',
    'name' => 'Сделка',
  ),
  2 => 
  array (
    'value' => 'Contact',
    'name' => 'Контакт',
  ),
  3 => 
  array (
    'value' => 'Company',
    'name' => 'Компания',
  ),
  4 => 
  array (
    'value' => 171,
    'name' => 'Онбординг',
  ),
  5 => 
  array (
    'value' => 130,
    'name' => 'Оплаты',
  ),
  6 => 
  array (
    'value' => 1036,
    'name' => 'Найм/Увольнение',
  ),
  7 => 
  array (
    'value' => 1040,
    'name' => 'HR',
  ),
)array (
  0 => 
  array (
    'value' => 'Lead',
    'name' => 'Лид',
  ),
  1 => 
  array (
    'value' => 'Deal',
    'name' => 'Сделка',
  ),
  2 => 
  array (
    'value' => 'Contact',
    'name' => 'Контакт',
  ),
  3 => 
  array (
    'value' => 'Company',
    'name' => 'Компания',
  ),
  4 => 
  array (
    'value' => 171,
    'name' => 'Онбординг',
  ),
  5 => 
  array (
    'value' => 130,
    'name' => 'Оплаты',
  ),
  6 => 
  array (
    'value' => 1036,
    'name' => 'Найм/Увольнение',
  ),
  7 => 
  array (
    'value' => 1040,
    'name' => 'HR',
  ),
)array (
  0 => 
  array (
    'value' => 'Lead',
    'name' => 'Лид',
  ),
  1 => 
  array (
    'value' => 'Deal',
    'name' => 'Сделка',
  ),
  2 => 
  array (
    'value' => 'Contact',
    'name' => 'Контакт',
  ),
  3 => 
  array (
    'value' => 'Company',
    'name' => 'Компания',
  ),
  4 => 
  array (
    'value' => 171,
    'name' => 'Онбординг',
  ),
  5 => 
  array (
    'value' => 130,
    'name' => 'Оплаты',
  ),
  6 => 
  array (
    'value' => 1036,
    'name' => 'Найм/Увольнение',
  ),
  7 => 
  array (
    'value' => 1040,
    'name' => 'HR',
  ),
)array (
  0 => 
  array (
    'value' => 'Lead',
    'name' => 'Лид',
  ),
  1 => 
  array (
    'value' => 'Deal',
    'name' => 'Сделка',
  ),
  2 => 
  array (
    'value' => 'Contact',
    'name' => 'Контакт',
  ),
  3 => 
  array (
    'value' => 'Company',
    'name' => 'Компания',
  ),
  4 => 
  array (
    'value' => 157,
    'name' => 'Договоры САПР',
  ),
  5 => 
  array (
    'value' => 142,
    'name' => 'Документы ОПУП',
  ),
  6 => 
  array (
    'value' => 155,
    'name' => 'Новый проект в работу',
  ),
  7 => 
  array (
    'value' => 178,
    'name' => 'Расходы',
  ),
  8 => 
  array (
    'value' => 143,
    'name' => 'Акты',
  ),
  9 => 
  array (
    'value' => 190,
    'name' => 'Субподряд',
  ),
  10 => 
  array (
    'value' => 189,
    'name' => 'Технические задания',
  ),
  11 => 
  array (
    'value' => 133,
    'name' => 'Технические задания (Запрос)',
  ),
  12 => 
  array (
    'value' => 159,
    'name' => 'Договоры',
  ),
  13 => 
  array (
    'value' => 150,
    'name' => 'Дополнительное соглашение',
  ),
  14 => 
  array (
    'value' => 154,
    'name' => 'Договор субподряда',
  ),
  15 => 
  array (
    'value' => 162,
    'name' => 'Этапы',
  ),
  16 => 
  array (
    'value' => 173,
    'name' => 'Части проектов',
  ),
  17 => 
  array (
    'value' => 169,
    'name' => 'Исходные данные',
  ),
  18 => 
  array (
    'value' => 146,
    'name' => 'Заказная документация/Рассмотрение РКД',
  ),
  19 => 
  array (
    'value' => 185,
    'name' => 'Командировки (канбан доска)',
  ),
  20 => 
  array (
    'value' => 187,
    'name' => 'Сотрудники',
  ),
  21 => 
  array (
    'value' => 148,
    'name' => 'Субподряд тест переноса',
  ),
  22 => 
  array (
    'value' => 137,
    'name' => 'Заявка на обучение',
  ),
  23 => 
  array (
    'value' => 177,
    'name' => 'Регистрация проекта',
  ),
  24 => 
  array (
    'value' => 172,
    'name' => 'Нормативные обучения',
  ),
  25 => 
  array (
    'value' => 141,
    'name' => 'Список обучения РТН',
  ),
  26 => 
  array (
    'value' => 168,
    'name' => 'СТРАТЕГИЯ / ЦЕЛИ',
  ),
  27 => 
  array (
    'value' => 181,
    'name' => 'Клиенты и перспективные лиды',
  ),
  28 => 
  array (
    'value' => 136,
    'name' => 'Работы фрилансеров',
  ),
  29 => 
  array (
    'value' => 140,
    'name' => 'Фрилансеры',
  ),
  30 => 
  array (
    'value' => 138,
    'name' => 'HELPDESK',
  ),
  31 => 
  array (
    'value' => 149,
    'name' => 'Отправка документации. Технический процесс',
  ),
  32 => 
  array (
    'value' => 174,
    'name' => 'Командировки',
  ),
  33 => 
  array (
    'value' => 186,
    'name' => 'Вакансии',
  ),
  34 => 
  array (
    'value' => 139,
    'name' => 'Рекрутинг',
  ),
  35 => 
  array (
    'value' => 144,
    'name' => 'Прием на работу',
  ),
  36 => 
  array (
    'value' => 163,
    'name' => 'Обучение 3D',
  ),
  37 => 
  array (
    'value' => 134,
    'name' => 'ОПРОСЫ',
  ),
  38 => 
  array (
    'value' => 131,
    'name' => 'Портфель проектов',
  ),
  39 => 
  array (
    'value' => 191,
    'name' => 'ОПРОС. Метод Кано',
  ),
  40 => 
  array (
    'value' => 153,
    'name' => 'Авторский надзор',
  ),
  41 => 
  array (
    'value' => 175,
    'name' => 'Инциденты',
  ),
  42 => 
  array (
    'value' => 129,
    'name' => 'Перспективные работы',
  ),
  43 => 
  array (
    'value' => 158,
    'name' => 'Задачи САПР',
  ),
  44 => 
  array (
    'value' => 135,
    'name' => 'Разработка сметной документации',
  ),
  45 => 
  array (
    'value' => 176,
    'name' => 'Выработка сотрудников по кварталам',
  ),
  46 => 
  array (
    'value' => 182,
    'name' => 'Заказная документация',
  ),
  47 => 
  array (
    'value' => 167,
    'name' => 'Дашборды для показателей',
  ),
  48 => 
  array (
    'value' => 161,
    'name' => 'Согласование ОБП',
  ),
  49 => 
  array (
    'value' => 1032,
    'name' => 'HELPDESK Bitrix 24 (оперативные вопросы)',
  ),
)array (
  0 => 
  array (
    'value' => 'Lead',
    'name' => 'Лид',
  ),
  1 => 
  array (
    'value' => 'Deal',
    'name' => 'Сделка',
  ),
  2 => 
  array (
    'value' => 'Contact',
    'name' => 'Контакт',
  ),
  3 => 
  array (
    'value' => 'Company',
    'name' => 'Компания',
  ),
  4 => 
  array (
    'value' => 157,
    'name' => 'Договоры САПР',
  ),
  5 => 
  array (
    'value' => 142,
    'name' => 'Документы ОПУП',
  ),
  6 => 
  array (
    'value' => 155,
    'name' => 'Новый проект в работу',
  ),
  7 => 
  array (
    'value' => 178,
    'name' => 'Расходы',
  ),
  8 => 
  array (
    'value' => 143,
    'name' => 'Акты',
  ),
  9 => 
  array (
    'value' => 190,
    'name' => 'Субподряд',
  ),
  10 => 
  array (
    'value' => 189,
    'name' => 'Технические задания',
  ),
  11 => 
  array (
    'value' => 133,
    'name' => 'Технические задания (Запрос)',
  ),
  12 => 
  array (
    'value' => 159,
    'name' => 'Договоры',
  ),
  13 => 
  array (
    'value' => 150,
    'name' => 'Дополнительное соглашение',
  ),
  14 => 
  array (
    'value' => 154,
    'name' => 'Договор субподряда',
  ),
  15 => 
  array (
    'value' => 162,
    'name' => 'Этапы',
  ),
  16 => 
  array (
    'value' => 173,
    'name' => 'Части проектов',
  ),
  17 => 
  array (
    'value' => 169,
    'name' => 'Исходные данные',
  ),
  18 => 
  array (
    'value' => 146,
    'name' => 'Заказная документация/Рассмотрение РКД',
  ),
  19 => 
  array (
    'value' => 185,
    'name' => 'Командировки (канбан доска)',
  ),
  20 => 
  array (
    'value' => 187,
    'name' => 'Сотрудники',
  ),
  21 => 
  array (
    'value' => 148,
    'name' => 'Субподряд тест переноса',
  ),
  22 => 
  array (
    'value' => 137,
    'name' => 'Заявка на обучение',
  ),
  23 => 
  array (
    'value' => 177,
    'name' => 'Регистрация проекта',
  ),
  24 => 
  array (
    'value' => 172,
    'name' => 'Нормативные обучения',
  ),
  25 => 
  array (
    'value' => 141,
    'name' => 'Список обучения РТН',
  ),
  26 => 
  array (
    'value' => 168,
    'name' => 'СТРАТЕГИЯ / ЦЕЛИ',
  ),
  27 => 
  array (
    'value' => 181,
    'name' => 'Клиенты и перспективные лиды',
  ),
  28 => 
  array (
    'value' => 136,
    'name' => 'Работы фрилансеров',
  ),
  29 => 
  array (
    'value' => 140,
    'name' => 'Фрилансеры',
  ),
  30 => 
  array (
    'value' => 138,
    'name' => 'HELPDESK',
  ),
  31 => 
  array (
    'value' => 149,
    'name' => 'Отправка документации. Технический процесс',
  ),
  32 => 
  array (
    'value' => 174,
    'name' => 'Командировки',
  ),
  33 => 
  array (
    'value' => 186,
    'name' => 'Вакансии',
  ),
  34 => 
  array (
    'value' => 139,
    'name' => 'Рекрутинг',
  ),
  35 => 
  array (
    'value' => 144,
    'name' => 'Прием на работу',
  ),
  36 => 
  array (
    'value' => 163,
    'name' => 'Обучение 3D',
  ),
  37 => 
  array (
    'value' => 134,
    'name' => 'ОПРОСЫ',
  ),
  38 => 
  array (
    'value' => 131,
    'name' => 'Портфель проектов',
  ),
  39 => 
  array (
    'value' => 191,
    'name' => 'ОПРОС. Метод Кано',
  ),
  40 => 
  array (
    'value' => 153,
    'name' => 'Авторский надзор',
  ),
  41 => 
  array (
    'value' => 175,
    'name' => 'Инциденты',
  ),
  42 => 
  array (
    'value' => 129,
    'name' => 'Перспективные работы',
  ),
  43 => 
  array (
    'value' => 158,
    'name' => 'Задачи САПР',
  ),
  44 => 
  array (
    'value' => 135,
    'name' => 'Разработка сметной документации',
  ),
  45 => 
  array (
    'value' => 176,
    'name' => 'Выработка сотрудников по кварталам',
  ),
  46 => 
  array (
    'value' => 182,
    'name' => 'Заказная документация',
  ),
  47 => 
  array (
    'value' => 167,
    'name' => 'Дашборды для показателей',
  ),
  48 => 
  array (
    'value' => 161,
    'name' => 'Согласование ОБП',
  ),
  49 => 
  array (
    'value' => 1032,
    'name' => 'HELPDESK Bitrix 24 (оперативные вопросы)',
  ),
)array (
  0 => 
  array (
    'value' => 'Lead',
    'name' => 'Лид',
  ),
  1 => 
  array (
    'value' => 'Deal',
    'name' => 'Сделка',
  ),
  2 => 
  array (
    'value' => 'Contact',
    'name' => 'Контакт',
  ),
  3 => 
  array (
    'value' => 'Company',
    'name' => 'Компания',
  ),
  4 => 
  array (
    'value' => 157,
    'name' => 'Договоры САПР',
  ),
  5 => 
  array (
    'value' => 142,
    'name' => 'Документы ОПУП',
  ),
  6 => 
  array (
    'value' => 155,
    'name' => 'Новый проект в работу',
  ),
  7 => 
  array (
    'value' => 178,
    'name' => 'Расходы',
  ),
  8 => 
  array (
    'value' => 143,
    'name' => 'Акты',
  ),
  9 => 
  array (
    'value' => 190,
    'name' => 'Субподряд',
  ),
  10 => 
  array (
    'value' => 189,
    'name' => 'Технические задания',
  ),
  11 => 
  array (
    'value' => 133,
    'name' => 'Технические задания (Запрос)',
  ),
  12 => 
  array (
    'value' => 159,
    'name' => 'Договоры',
  ),
  13 => 
  array (
    'value' => 150,
    'name' => 'Дополнительное соглашение',
  ),
  14 => 
  array (
    'value' => 154,
    'name' => 'Договор субподряда',
  ),
  15 => 
  array (
    'value' => 162,
    'name' => 'Этапы',
  ),
  16 => 
  array (
    'value' => 173,
    'name' => 'Части проектов',
  ),
  17 => 
  array (
    'value' => 169,
    'name' => 'Исходные данные',
  ),
  18 => 
  array (
    'value' => 146,
    'name' => 'Заказная документация/Рассмотрение РКД',
  ),
  19 => 
  array (
    'value' => 185,
    'name' => 'Командировки (канбан доска)',
  ),
  20 => 
  array (
    'value' => 187,
    'name' => 'Сотрудники',
  ),
  21 => 
  array (
    'value' => 148,
    'name' => 'Субподряд тест переноса',
  ),
  22 => 
  array (
    'value' => 137,
    'name' => 'Заявка на обучение',
  ),
  23 => 
  array (
    'value' => 177,
    'name' => 'Регистрация проекта',
  ),
  24 => 
  array (
    'value' => 172,
    'name' => 'Нормативные обучения',
  ),
  25 => 
  array (
    'value' => 141,
    'name' => 'Список обучения РТН',
  ),
  26 => 
  array (
    'value' => 168,
    'name' => 'СТРАТЕГИЯ / ЦЕЛИ',
  ),
  27 => 
  array (
    'value' => 181,
    'name' => 'Клиенты и перспективные лиды',
  ),
  28 => 
  array (
    'value' => 136,
    'name' => 'Работы фрилансеров',
  ),
  29 => 
  array (
    'value' => 140,
    'name' => 'Фрилансеры',
  ),
  30 => 
  array (
    'value' => 138,
    'name' => 'HELPDESK',
  ),
  31 => 
  array (
    'value' => 149,
    'name' => 'Отправка документации. Технический процесс',
  ),
  32 => 
  array (
    'value' => 174,
    'name' => 'Командировки',
  ),
  33 => 
  array (
    'value' => 186,
    'name' => 'Вакансии',
  ),
  34 => 
  array (
    'value' => 139,
    'name' => 'Рекрутинг',
  ),
  35 => 
  array (
    'value' => 144,
    'name' => 'Прием на работу',
  ),
  36 => 
  array (
    'value' => 163,
    'name' => 'Обучение 3D',
  ),
  37 => 
  array (
    'value' => 134,
    'name' => 'ОПРОСЫ',
  ),
  38 => 
  array (
    'value' => 131,
    'name' => 'Портфель проектов',
  ),
  39 => 
  array (
    'value' => 191,
    'name' => 'ОПРОС. Метод Кано',
  ),
  40 => 
  array (
    'value' => 153,
    'name' => 'Авторский надзор',
  ),
  41 => 
  array (
    'value' => 175,
    'name' => 'Инциденты',
  ),
  42 => 
  array (
    'value' => 129,
    'name' => 'Перспективные работы',
  ),
  43 => 
  array (
    'value' => 158,
    'name' => 'Задачи САПР',
  ),
  44 => 
  array (
    'value' => 135,
    'name' => 'Разработка сметной документации',
  ),
  45 => 
  array (
    'value' => 176,
    'name' => 'Выработка сотрудников по кварталам',
  ),
  46 => 
  array (
    'value' => 182,
    'name' => 'Заказная документация',
  ),
  47 => 
  array (
    'value' => 167,
    'name' => 'Дашборды для показателей',
  ),
  48 => 
  array (
    'value' => 161,
    'name' => 'Согласование ОБП',
  ),
  49 => 
  array (
    'value' => 1032,
    'name' => 'HELPDESK Bitrix 24 (оперативные вопросы)',
  ),
)array (
  0 => 
  array (
    'value' => 'Lead',
    'name' => 'Лид',
  ),
  1 => 
  array (
    'value' => 'Deal',
    'name' => 'Сделка',
  ),
  2 => 
  array (
    'value' => 'Contact',
    'name' => 'Контакт',
  ),
  3 => 
  array (
    'value' => 'Company',
    'name' => 'Компания',
  ),
  4 => 
  array (
    'value' => 157,
    'name' => 'Договоры САПР',
  ),
  5 => 
  array (
    'value' => 142,
    'name' => 'Документы ОПУП',
  ),
  6 => 
  array (
    'value' => 155,
    'name' => 'Новый проект в работу',
  ),
  7 => 
  array (
    'value' => 178,
    'name' => 'Расходы',
  ),
  8 => 
  array (
    'value' => 143,
    'name' => 'Акты',
  ),
  9 => 
  array (
    'value' => 190,
    'name' => 'Субподряд',
  ),
  10 => 
  array (
    'value' => 189,
    'name' => 'Технические задания',
  ),
  11 => 
  array (
    'value' => 133,
    'name' => 'Технические задания (Запрос)',
  ),
  12 => 
  array (
    'value' => 159,
    'name' => 'Договоры',
  ),
  13 => 
  array (
    'value' => 150,
    'name' => 'Дополнительное соглашение',
  ),
  14 => 
  array (
    'value' => 154,
    'name' => 'Договор субподряда',
  ),
  15 => 
  array (
    'value' => 162,
    'name' => 'Этапы',
  ),
  16 => 
  array (
    'value' => 173,
    'name' => 'Части проектов',
  ),
  17 => 
  array (
    'value' => 169,
    'name' => 'Исходные данные',
  ),
  18 => 
  array (
    'value' => 146,
    'name' => 'Заказная документация/Рассмотрение РКД',
  ),
  19 => 
  array (
    'value' => 185,
    'name' => 'Командировки (канбан доска)',
  ),
  20 => 
  array (
    'value' => 187,
    'name' => 'Сотрудники',
  ),
  21 => 
  array (
    'value' => 148,
    'name' => 'Субподряд тест переноса',
  ),
  22 => 
  array (
    'value' => 137,
    'name' => 'Заявка на обучение',
  ),
  23 => 
  array (
    'value' => 177,
    'name' => 'Регистрация проекта',
  ),
  24 => 
  array (
    'value' => 172,
    'name' => 'Нормативные обучения',
  ),
  25 => 
  array (
    'value' => 141,
    'name' => 'Список обучения РТН',
  ),
  26 => 
  array (
    'value' => 168,
    'name' => 'СТРАТЕГИЯ / ЦЕЛИ',
  ),
  27 => 
  array (
    'value' => 181,
    'name' => 'Клиенты и перспективные лиды',
  ),
  28 => 
  array (
    'value' => 136,
    'name' => 'Работы фрилансеров',
  ),
  29 => 
  array (
    'value' => 140,
    'name' => 'Фрилансеры',
  ),
  30 => 
  array (
    'value' => 138,
    'name' => 'HELPDESK',
  ),
  31 => 
  array (
    'value' => 149,
    'name' => 'Отправка документации. Технический процесс',
  ),
  32 => 
  array (
    'value' => 174,
    'name' => 'Командировки',
  ),
  33 => 
  array (
    'value' => 186,
    'name' => 'Вакансии',
  ),
  34 => 
  array (
    'value' => 139,
    'name' => 'Рекрутинг',
  ),
  35 => 
  array (
    'value' => 144,
    'name' => 'Прием на работу',
  ),
  36 => 
  array (
    'value' => 163,
    'name' => 'Обучение 3D',
  ),
  37 => 
  array (
    'value' => 134,
    'name' => 'ОПРОСЫ',
  ),
  38 => 
  array (
    'value' => 131,
    'name' => 'Портфель проектов',
  ),
  39 => 
  array (
    'value' => 191,
    'name' => 'ОПРОС. Метод Кано',
  ),
  40 => 
  array (
    'value' => 153,
    'name' => 'Авторский надзор',
  ),
  41 => 
  array (
    'value' => 175,
    'name' => 'Инциденты',
  ),
  42 => 
  array (
    'value' => 129,
    'name' => 'Перспективные работы',
  ),
  43 => 
  array (
    'value' => 158,
    'name' => 'Задачи САПР',
  ),
  44 => 
  array (
    'value' => 135,
    'name' => 'Разработка сметной документации',
  ),
  45 => 
  array (
    'value' => 176,
    'name' => 'Выработка сотрудников по кварталам',
  ),
  46 => 
  array (
    'value' => 182,
    'name' => 'Заказная документация',
  ),
  47 => 
  array (
    'value' => 167,
    'name' => 'Дашборды для показателей',
  ),
  48 => 
  array (
    'value' => 161,
    'name' => 'Согласование ОБП',
  ),
  49 => 
  array (
    'value' => 1032,
    'name' => 'HELPDESK Bitrix 24 (оперативные вопросы)',
  ),
)array (
  0 => 
  array (
    'value' => 'Lead',
    'name' => 'Лид',
  ),
  1 => 
  array (
    'value' => 'Deal',
    'name' => 'Сделка',
  ),
  2 => 
  array (
    'value' => 'Contact',
    'name' => 'Контакт',
  ),
  3 => 
  array (
    'value' => 'Company',
    'name' => 'Компания',
  ),
  4 => 
  array (
    'value' => 157,
    'name' => 'Договоры САПР',
  ),
  5 => 
  array (
    'value' => 142,
    'name' => 'Документы ОПУП',
  ),
  6 => 
  array (
    'value' => 155,
    'name' => 'Новый проект в работу',
  ),
  7 => 
  array (
    'value' => 178,
    'name' => 'Расходы',
  ),
  8 => 
  array (
    'value' => 143,
    'name' => 'Акты',
  ),
  9 => 
  array (
    'value' => 190,
    'name' => 'Субподряд',
  ),
  10 => 
  array (
    'value' => 189,
    'name' => 'Технические задания',
  ),
  11 => 
  array (
    'value' => 133,
    'name' => 'Технические задания (Запрос)',
  ),
  12 => 
  array (
    'value' => 159,
    'name' => 'Договоры',
  ),
  13 => 
  array (
    'value' => 150,
    'name' => 'Дополнительное соглашение',
  ),
  14 => 
  array (
    'value' => 154,
    'name' => 'Договор субподряда',
  ),
  15 => 
  array (
    'value' => 162,
    'name' => 'Этапы',
  ),
  16 => 
  array (
    'value' => 173,
    'name' => 'Части проектов',
  ),
  17 => 
  array (
    'value' => 169,
    'name' => 'Исходные данные',
  ),
  18 => 
  array (
    'value' => 146,
    'name' => 'Заказная документация/Рассмотрение РКД',
  ),
  19 => 
  array (
    'value' => 185,
    'name' => 'Командировки (канбан доска)',
  ),
  20 => 
  array (
    'value' => 187,
    'name' => 'Сотрудники',
  ),
  21 => 
  array (
    'value' => 148,
    'name' => 'Субподряд тест переноса',
  ),
  22 => 
  array (
    'value' => 137,
    'name' => 'Заявка на обучение',
  ),
  23 => 
  array (
    'value' => 177,
    'name' => 'Регистрация проекта',
  ),
  24 => 
  array (
    'value' => 172,
    'name' => 'Нормативные обучения',
  ),
  25 => 
  array (
    'value' => 141,
    'name' => 'Список обучения РТН',
  ),
  26 => 
  array (
    'value' => 168,
    'name' => 'СТРАТЕГИЯ / ЦЕЛИ',
  ),
  27 => 
  array (
    'value' => 181,
    'name' => 'Клиенты и перспективные лиды',
  ),
  28 => 
  array (
    'value' => 136,
    'name' => 'Работы фрилансеров',
  ),
  29 => 
  array (
    'value' => 140,
    'name' => 'Фрилансеры',
  ),
  30 => 
  array (
    'value' => 138,
    'name' => 'HELPDESK',
  ),
  31 => 
  array (
    'value' => 149,
    'name' => 'Отправка документации. Технический процесс',
  ),
  32 => 
  array (
    'value' => 174,
    'name' => 'Командировки',
  ),
  33 => 
  array (
    'value' => 186,
    'name' => 'Вакансии',
  ),
  34 => 
  array (
    'value' => 139,
    'name' => 'Рекрутинг',
  ),
  35 => 
  array (
    'value' => 144,
    'name' => 'Прием на работу',
  ),
  36 => 
  array (
    'value' => 163,
    'name' => 'Обучение 3D',
  ),
  37 => 
  array (
    'value' => 134,
    'name' => 'ОПРОСЫ',
  ),
  38 => 
  array (
    'value' => 131,
    'name' => 'Портфель проектов',
  ),
  39 => 
  array (
    'value' => 191,
    'name' => 'ОПРОС. Метод Кано',
  ),
  40 => 
  array (
    'value' => 153,
    'name' => 'Авторский надзор',
  ),
  41 => 
  array (
    'value' => 175,
    'name' => 'Инциденты',
  ),
  42 => 
  array (
    'value' => 129,
    'name' => 'Перспективные работы',
  ),
  43 => 
  array (
    'value' => 158,
    'name' => 'Задачи САПР',
  ),
  44 => 
  array (
    'value' => 135,
    'name' => 'Разработка сметной документации',
  ),
  45 => 
  array (
    'value' => 176,
    'name' => 'Выработка сотрудников по кварталам',
  ),
  46 => 
  array (
    'value' => 182,
    'name' => 'Заказная документация',
  ),
  47 => 
  array (
    'value' => 167,
    'name' => 'Дашборды для показателей',
  ),
  48 => 
  array (
    'value' => 161,
    'name' => 'Согласование ОБП',
  ),
  49 => 
  array (
    'value' => 1032,
    'name' => 'HELPDESK Bitrix 24 (оперативные вопросы)',
  ),
)array (
  0 => 
  array (
    'value' => 'Lead',
    'name' => 'Лид',
  ),
  1 => 
  array (
    'value' => 'Deal',
    'name' => 'Сделка',
  ),
  2 => 
  array (
    'value' => 'Contact',
    'name' => 'Контакт',
  ),
  3 => 
  array (
    'value' => 'Company',
    'name' => 'Компания',
  ),
  4 => 
  array (
    'value' => 157,
    'name' => 'Договоры САПР',
  ),
  5 => 
  array (
    'value' => 142,
    'name' => 'Документы ОПУП',
  ),
  6 => 
  array (
    'value' => 155,
    'name' => 'Новый проект в работу',
  ),
  7 => 
  array (
    'value' => 178,
    'name' => 'Расходы',
  ),
  8 => 
  array (
    'value' => 143,
    'name' => 'Акты',
  ),
  9 => 
  array (
    'value' => 190,
    'name' => 'Субподряд',
  ),
  10 => 
  array (
    'value' => 189,
    'name' => 'Технические задания',
  ),
  11 => 
  array (
    'value' => 133,
    'name' => 'Технические задания (Запрос)',
  ),
  12 => 
  array (
    'value' => 159,
    'name' => 'Договоры',
  ),
  13 => 
  array (
    'value' => 150,
    'name' => 'Дополнительное соглашение',
  ),
  14 => 
  array (
    'value' => 154,
    'name' => 'Договор субподряда',
  ),
  15 => 
  array (
    'value' => 162,
    'name' => 'Этапы',
  ),
  16 => 
  array (
    'value' => 173,
    'name' => 'Части проектов',
  ),
  17 => 
  array (
    'value' => 169,
    'name' => 'Исходные данные',
  ),
  18 => 
  array (
    'value' => 146,
    'name' => 'Заказная документация/Рассмотрение РКД',
  ),
  19 => 
  array (
    'value' => 185,
    'name' => 'Командировки (канбан доска)',
  ),
  20 => 
  array (
    'value' => 187,
    'name' => 'Сотрудники',
  ),
  21 => 
  array (
    'value' => 148,
    'name' => 'Субподряд тест переноса',
  ),
  22 => 
  array (
    'value' => 137,
    'name' => 'Заявка на обучение',
  ),
  23 => 
  array (
    'value' => 177,
    'name' => 'Регистрация проекта',
  ),
  24 => 
  array (
    'value' => 172,
    'name' => 'Нормативные обучения',
  ),
  25 => 
  array (
    'value' => 141,
    'name' => 'Список обучения РТН',
  ),
  26 => 
  array (
    'value' => 168,
    'name' => 'СТРАТЕГИЯ / ЦЕЛИ',
  ),
  27 => 
  array (
    'value' => 181,
    'name' => 'Клиенты и перспективные лиды',
  ),
  28 => 
  array (
    'value' => 136,
    'name' => 'Работы фрилансеров',
  ),
  29 => 
  array (
    'value' => 140,
    'name' => 'Фрилансеры',
  ),
  30 => 
  array (
    'value' => 138,
    'name' => 'HELPDESK',
  ),
  31 => 
  array (
    'value' => 149,
    'name' => 'Отправка документации. Технический процесс',
  ),
  32 => 
  array (
    'value' => 174,
    'name' => 'Командировки',
  ),
  33 => 
  array (
    'value' => 186,
    'name' => 'Вакансии',
  ),
  34 => 
  array (
    'value' => 139,
    'name' => 'Рекрутинг',
  ),
  35 => 
  array (
    'value' => 144,
    'name' => 'Прием на работу',
  ),
  36 => 
  array (
    'value' => 163,
    'name' => 'Обучение 3D',
  ),
  37 => 
  array (
    'value' => 134,
    'name' => 'ОПРОСЫ',
  ),
  38 => 
  array (
    'value' => 131,
    'name' => 'Портфель проектов',
  ),
  39 => 
  array (
    'value' => 191,
    'name' => 'ОПРОС. Метод Кано',
  ),
  40 => 
  array (
    'value' => 153,
    'name' => 'Авторский надзор',
  ),
  41 => 
  array (
    'value' => 175,
    'name' => 'Инциденты',
  ),
  42 => 
  array (
    'value' => 129,
    'name' => 'Перспективные работы',
  ),
  43 => 
  array (
    'value' => 158,
    'name' => 'Задачи САПР',
  ),
  44 => 
  array (
    'value' => 135,
    'name' => 'Разработка сметной документации',
  ),
  45 => 
  array (
    'value' => 176,
    'name' => 'Выработка сотрудников по кварталам',
  ),
  46 => 
  array (
    'value' => 182,
    'name' => 'Заказная документация',
  ),
  47 => 
  array (
    'value' => 167,
    'name' => 'Дашборды для показателей',
  ),
  48 => 
  array (
    'value' => 161,
    'name' => 'Согласование ОБП',
  ),
  49 => 
  array (
    'value' => 1032,
    'name' => 'HELPDESK Bitrix 24 (оперативные вопросы)',
  ),
)array (
  0 => 
  array (
    'value' => 'Lead',
    'name' => 'Лид',
  ),
  1 => 
  array (
    'value' => 'Deal',
    'name' => 'Сделка',
  ),
  2 => 
  array (
    'value' => 'Contact',
    'name' => 'Контакт',
  ),
  3 => 
  array (
    'value' => 'Company',
    'name' => 'Компания',
  ),
  4 => 
  array (
    'value' => 157,
    'name' => 'Договоры САПР',
  ),
  5 => 
  array (
    'value' => 142,
    'name' => 'Документы ОПУП',
  ),
  6 => 
  array (
    'value' => 155,
    'name' => 'Новый проект в работу',
  ),
  7 => 
  array (
    'value' => 178,
    'name' => 'Расходы',
  ),
  8 => 
  array (
    'value' => 143,
    'name' => 'Акты',
  ),
  9 => 
  array (
    'value' => 190,
    'name' => 'Субподряд',
  ),
  10 => 
  array (
    'value' => 189,
    'name' => 'Технические задания',
  ),
  11 => 
  array (
    'value' => 133,
    'name' => 'Технические задания (Запрос)',
  ),
  12 => 
  array (
    'value' => 159,
    'name' => 'Договоры',
  ),
  13 => 
  array (
    'value' => 150,
    'name' => 'Дополнительное соглашение',
  ),
  14 => 
  array (
    'value' => 154,
    'name' => 'Договор субподряда',
  ),
  15 => 
  array (
    'value' => 162,
    'name' => 'Этапы',
  ),
  16 => 
  array (
    'value' => 173,
    'name' => 'Части проектов',
  ),
  17 => 
  array (
    'value' => 169,
    'name' => 'Исходные данные',
  ),
  18 => 
  array (
    'value' => 146,
    'name' => 'Заказная документация/Рассмотрение РКД',
  ),
  19 => 
  array (
    'value' => 185,
    'name' => 'Командировки (канбан доска)',
  ),
  20 => 
  array (
    'value' => 187,
    'name' => 'Сотрудники',
  ),
  21 => 
  array (
    'value' => 148,
    'name' => 'Субподряд тест переноса',
  ),
  22 => 
  array (
    'value' => 137,
    'name' => 'Заявка на обучение',
  ),
  23 => 
  array (
    'value' => 177,
    'name' => 'Регистрация проекта',
  ),
  24 => 
  array (
    'value' => 172,
    'name' => 'Нормативные обучения',
  ),
  25 => 
  array (
    'value' => 141,
    'name' => 'Список обучения РТН',
  ),
  26 => 
  array (
    'value' => 168,
    'name' => 'СТРАТЕГИЯ / ЦЕЛИ',
  ),
  27 => 
  array (
    'value' => 181,
    'name' => 'Клиенты и перспективные лиды',
  ),
  28 => 
  array (
    'value' => 136,
    'name' => 'Работы фрилансеров',
  ),
  29 => 
  array (
    'value' => 140,
    'name' => 'Фрилансеры',
  ),
  30 => 
  array (
    'value' => 138,
    'name' => 'HELPDESK',
  ),
  31 => 
  array (
    'value' => 149,
    'name' => 'Отправка документации. Технический процесс',
  ),
  32 => 
  array (
    'value' => 174,
    'name' => 'Командировки',
  ),
  33 => 
  array (
    'value' => 186,
    'name' => 'Вакансии',
  ),
  34 => 
  array (
    'value' => 139,
    'name' => 'Рекрутинг',
  ),
  35 => 
  array (
    'value' => 144,
    'name' => 'Прием на работу',
  ),
  36 => 
  array (
    'value' => 163,
    'name' => 'Обучение 3D',
  ),
  37 => 
  array (
    'value' => 134,
    'name' => 'ОПРОСЫ',
  ),
  38 => 
  array (
    'value' => 131,
    'name' => 'Портфель проектов',
  ),
  39 => 
  array (
    'value' => 191,
    'name' => 'ОПРОС. Метод Кано',
  ),
  40 => 
  array (
    'value' => 153,
    'name' => 'Авторский надзор',
  ),
  41 => 
  array (
    'value' => 175,
    'name' => 'Инциденты',
  ),
  42 => 
  array (
    'value' => 129,
    'name' => 'Перспективные работы',
  ),
  43 => 
  array (
    'value' => 158,
    'name' => 'Задачи САПР',
  ),
  44 => 
  array (
    'value' => 135,
    'name' => 'Разработка сметной документации',
  ),
  45 => 
  array (
    'value' => 176,
    'name' => 'Выработка сотрудников по кварталам',
  ),
  46 => 
  array (
    'value' => 182,
    'name' => 'Заказная документация',
  ),
  47 => 
  array (
    'value' => 167,
    'name' => 'Дашборды для показателей',
  ),
  48 => 
  array (
    'value' => 161,
    'name' => 'Согласование ОБП',
  ),
  49 => 
  array (
    'value' => 1032,
    'name' => 'HELPDESK Bitrix 24 (оперативные вопросы)',
  ),
)array (
  0 => 
  array (
    'value' => 'Lead',
    'name' => 'Лид',
  ),
  1 => 
  array (
    'value' => 'Deal',
    'name' => 'Сделка',
  ),
  2 => 
  array (
    'value' => 'Contact',
    'name' => 'Контакт',
  ),
  3 => 
  array (
    'value' => 'Company',
    'name' => 'Компания',
  ),
  4 => 
  array (
    'value' => 171,
    'name' => 'Онбординг',
  ),
  5 => 
  array (
    'value' => 130,
    'name' => 'Оплаты',
  ),
  6 => 
  array (
    'value' => 1036,
    'name' => 'Найм/Увольнение',
  ),
  7 => 
  array (
    'value' => 1040,
    'name' => 'HR',
  ),
  8 => 
  array (
    'value' => 1044,
    'name' => 'Промо-коды',
  ),
)array (
  0 => 
  array (
    'value' => 'Lead',
    'name' => 'Лид',
  ),
  1 => 
  array (
    'value' => 'Deal',
    'name' => 'Сделка',
  ),
  2 => 
  array (
    'value' => 'Contact',
    'name' => 'Контакт',
  ),
  3 => 
  array (
    'value' => 'Company',
    'name' => 'Компания',
  ),
  4 => 
  array (
    'value' => 171,
    'name' => 'Онбординг',
  ),
  5 => 
  array (
    'value' => 130,
    'name' => 'Оплаты',
  ),
  6 => 
  array (
    'value' => 1036,
    'name' => 'Найм/Увольнение',
  ),
  7 => 
  array (
    'value' => 1040,
    'name' => 'HR',
  ),
  8 => 
  array (
    'value' => 1044,
    'name' => 'Промо-коды',
  ),
)array (
  0 => 
  array (
    'value' => 'Lead',
    'name' => 'Лид',
  ),
  1 => 
  array (
    'value' => 'Deal',
    'name' => 'Сделка',
  ),
  2 => 
  array (
    'value' => 'Contact',
    'name' => 'Контакт',
  ),
  3 => 
  array (
    'value' => 'Company',
    'name' => 'Компания',
  ),
  4 => 
  array (
    'value' => 171,
    'name' => 'Онбординг',
  ),
  5 => 
  array (
    'value' => 130,
    'name' => 'Оплаты',
  ),
  6 => 
  array (
    'value' => 1036,
    'name' => 'Найм/Увольнение',
  ),
  7 => 
  array (
    'value' => 1040,
    'name' => 'HR',
  ),
  8 => 
  array (
    'value' => 1044,
    'name' => 'Промо-коды',
  ),
)array (
  0 => 
  array (
    'value' => 'Lead',
    'name' => 'Лид',
  ),
  1 => 
  array (
    'value' => 'Deal',
    'name' => 'Сделка',
  ),
  2 => 
  array (
    'value' => 'Contact',
    'name' => 'Контакт',
  ),
  3 => 
  array (
    'value' => 'Company',
    'name' => 'Компания',
  ),
  4 => 
  array (
    'value' => 157,
    'name' => 'Договоры САПР',
  ),
  5 => 
  array (
    'value' => 142,
    'name' => 'Документы ОПУП',
  ),
  6 => 
  array (
    'value' => 155,
    'name' => 'Новый проект в работу',
  ),
  7 => 
  array (
    'value' => 178,
    'name' => 'Расходы',
  ),
  8 => 
  array (
    'value' => 143,
    'name' => 'Акты',
  ),
  9 => 
  array (
    'value' => 190,
    'name' => 'Субподряд',
  ),
  10 => 
  array (
    'value' => 189,
    'name' => 'Технические задания',
  ),
  11 => 
  array (
    'value' => 133,
    'name' => 'Технические задания (Запрос)',
  ),
  12 => 
  array (
    'value' => 159,
    'name' => 'Договоры',
  ),
  13 => 
  array (
    'value' => 150,
    'name' => 'Дополнительное соглашение',
  ),
  14 => 
  array (
    'value' => 154,
    'name' => 'Договор субподряда',
  ),
  15 => 
  array (
    'value' => 162,
    'name' => 'Этапы',
  ),
  16 => 
  array (
    'value' => 173,
    'name' => 'Части проектов',
  ),
  17 => 
  array (
    'value' => 169,
    'name' => 'Исходные данные',
  ),
  18 => 
  array (
    'value' => 146,
    'name' => 'Заказная документация/Рассмотрение РКД',
  ),
  19 => 
  array (
    'value' => 185,
    'name' => 'Командировки (канбан доска)',
  ),
  20 => 
  array (
    'value' => 187,
    'name' => 'Сотрудники',
  ),
  21 => 
  array (
    'value' => 148,
    'name' => 'Субподряд тест переноса',
  ),
  22 => 
  array (
    'value' => 137,
    'name' => 'Заявка на обучение',
  ),
  23 => 
  array (
    'value' => 177,
    'name' => 'Регистрация проекта',
  ),
  24 => 
  array (
    'value' => 172,
    'name' => 'Нормативные обучения',
  ),
  25 => 
  array (
    'value' => 141,
    'name' => 'Список обучения РТН',
  ),
  26 => 
  array (
    'value' => 168,
    'name' => 'СТРАТЕГИЯ / ЦЕЛИ',
  ),
  27 => 
  array (
    'value' => 181,
    'name' => 'Клиенты и перспективные лиды',
  ),
  28 => 
  array (
    'value' => 136,
    'name' => 'Работы фрилансеров',
  ),
  29 => 
  array (
    'value' => 140,
    'name' => 'Фрилансеры',
  ),
  30 => 
  array (
    'value' => 138,
    'name' => 'HELPDESK',
  ),
  31 => 
  array (
    'value' => 149,
    'name' => 'Отправка документации. Технический процесс',
  ),
  32 => 
  array (
    'value' => 174,
    'name' => 'Командировки',
  ),
  33 => 
  array (
    'value' => 186,
    'name' => 'Вакансии',
  ),
  34 => 
  array (
    'value' => 139,
    'name' => 'Рекрутинг',
  ),
  35 => 
  array (
    'value' => 144,
    'name' => 'Прием на работу',
  ),
  36 => 
  array (
    'value' => 163,
    'name' => 'Обучение 3D',
  ),
  37 => 
  array (
    'value' => 134,
    'name' => 'ОПРОСЫ',
  ),
  38 => 
  array (
    'value' => 131,
    'name' => 'Портфель проектов',
  ),
  39 => 
  array (
    'value' => 191,
    'name' => 'ОПРОС. Метод Кано',
  ),
  40 => 
  array (
    'value' => 153,
    'name' => 'Авторский надзор',
  ),
  41 => 
  array (
    'value' => 175,
    'name' => 'Инциденты',
  ),
  42 => 
  array (
    'value' => 129,
    'name' => 'Перспективные работы',
  ),
  43 => 
  array (
    'value' => 158,
    'name' => 'Задачи САПР',
  ),
  44 => 
  array (
    'value' => 135,
    'name' => 'Разработка сметной документации',
  ),
  45 => 
  array (
    'value' => 176,
    'name' => 'Выработка сотрудников по кварталам',
  ),
  46 => 
  array (
    'value' => 182,
    'name' => 'Заказная документация',
  ),
  47 => 
  array (
    'value' => 167,
    'name' => 'Дашборды для показателей',
  ),
  48 => 
  array (
    'value' => 161,
    'name' => 'Согласование ОБП',
  ),
  49 => 
  array (
    'value' => 1032,
    'name' => 'HELPDESK Bitrix 24 (оперативные вопросы)',
  ),
)array (
  0 => 
  array (
    'value' => 'Lead',
    'name' => 'Лид',
  ),
  1 => 
  array (
    'value' => 'Deal',
    'name' => 'Сделка',
  ),
  2 => 
  array (
    'value' => 'Contact',
    'name' => 'Контакт',
  ),
  3 => 
  array (
    'value' => 'Company',
    'name' => 'Компания',
  ),
  4 => 
  array (
    'value' => 148,
    'name' => 'Объекты',
  ),
  5 => 
  array (
    'value' => 169,
    'name' => 'Путевой лист',
  ),
  6 => 
  array (
    'value' => 154,
    'name' => 'Список лидов по письмам',
  ),
  7 => 
  array (
    'value' => 185,
    'name' => 'Рекламация',
  ),
  8 => 
  array (
    'value' => 156,
    'name' => 'Претензии',
  ),
  9 => 
  array (
    'value' => 152,
    'name' => 'Мероприятия',
  ),
  10 => 
  array (
    'value' => 167,
    'name' => 'Урегулирование',
  ),
  11 => 
  array (
    'value' => 180,
    'name' => 'Отправления',
  ),
  12 => 
  array (
    'value' => 136,
    'name' => 'Договоры',
  ),
  13 => 
  array (
    'value' => 177,
    'name' => 'Отчетность по лидам',
  ),
  14 => 
  array (
    'value' => 184,
    'name' => 'Системы',
  ),
  15 => 
  array (
    'value' => 1032,
    'name' => 'Список каналов ИМ',
  ),
)array (
  0 => 
  array (
    'value' => 'Lead',
    'name' => 'Лид',
  ),
  1 => 
  array (
    'value' => 'Deal',
    'name' => 'Сделка',
  ),
  2 => 
  array (
    'value' => 'Contact',
    'name' => 'Контакт',
  ),
  3 => 
  array (
    'value' => 'Company',
    'name' => 'Компания',
  ),
)array (
  0 => 
  array (
    'value' => 'Lead',
    'name' => 'Лид',
  ),
  1 => 
  array (
    'value' => 'Deal',
    'name' => 'Сделка',
  ),
  2 => 
  array (
    'value' => 'Contact',
    'name' => 'Контакт',
  ),
  3 => 
  array (
    'value' => 'Company',
    'name' => 'Компания',
  ),
  4 => 
  array (
    'value' => 141,
    'name' => 'Проверка контрагента',
  ),
  5 => 
  array (
    'value' => 169,
    'name' => 'Инженерный расчет',
  ),
  6 => 
  array (
    'value' => 136,
    'name' => 'Договор',
  ),
  7 => 
  array (
    'value' => 1032,
    'name' => 'Мониторинг',
  ),
  8 => 
  array (
    'value' => 1042,
    'name' => 'Ревизия',
  ),
  9 => 
  array (
    'value' => 1046,
    'name' => 'Заявка на возврат оборудования',
  ),
)array (
  0 => 
  array (
    'value' => 'Lead',
    'name' => 'Лид',
  ),
  1 => 
  array (
    'value' => 'Deal',
    'name' => 'Сделка',
  ),
  2 => 
  array (
    'value' => 'Contact',
    'name' => 'Контакт',
  ),
  3 => 
  array (
    'value' => 'Company',
    'name' => 'Компания',
  ),
  4 => 
  array (
    'value' => 165,
    'name' => 'Доставка',
  ),
  5 => 
  array (
    'value' => 144,
    'name' => 'Протоколы',
  ),
  6 => 
  array (
    'value' => 137,
    'name' => 'Привлечение',
  ),
  7 => 
  array (
    'value' => 136,
    'name' => 'Поставщики',
  ),
  8 => 
  array (
    'value' => 180,
    'name' => 'Проблемы',
  ),
  9 => 
  array (
    'value' => 155,
    'name' => 'Образцы',
  ),
  10 => 
  array (
    'value' => 181,
    'name' => 'Согласовать договор',
  ),
  11 => 
  array (
    'value' => 143,
    'name' => 'Согласовать прайс',
  ),
  12 => 
  array (
    'value' => 152,
    'name' => 'Прайс',
  ),
  13 => 
  array (
    'value' => 132,
    'name' => 'Документооборот',
  ),
  14 => 
  array (
    'value' => 128,
    'name' => 'Макеты проверка',
  ),
  15 => 
  array (
    'value' => 156,
    'name' => 'АД65',
  ),
  16 => 
  array (
    'value' => 130,
    'name' => 'Список компаний',
  ),
  17 => 
  array (
    'value' => 149,
    'name' => 'Отчет',
  ),
  18 => 
  array (
    'value' => 147,
    'name' => 'проверка сделок',
  ),
  19 => 
  array (
    'value' => 135,
    'name' => 'Проверочный',
  ),
  20 => 
  array (
    'value' => 185,
    'name' => 'Сверка протоколов ЛСМ/ПРТ',
  ),
  21 => 
  array (
    'value' => 191,
    'name' => 'Депозитные сделки',
  ),
  22 => 
  array (
    'value' => 179,
    'name' => 'Список',
  ),
  23 => 
  array (
    'value' => 174,
    'name' => 'Пища (низкая продажа)',
  ),
)array (
  0 => 
  array (
    'value' => 'Lead',
    'name' => 'Лид',
  ),
  1 => 
  array (
    'value' => 'Deal',
    'name' => 'Сделка',
  ),
  2 => 
  array (
    'value' => 'Contact',
    'name' => 'Контакт',
  ),
  3 => 
  array (
    'value' => 'Company',
    'name' => 'Компания',
  ),
  4 => 
  array (
    'value' => 165,
    'name' => 'Доставка',
  ),
  5 => 
  array (
    'value' => 144,
    'name' => 'Протоколы',
  ),
  6 => 
  array (
    'value' => 137,
    'name' => 'Привлечение',
  ),
  7 => 
  array (
    'value' => 136,
    'name' => 'Поставщики',
  ),
  8 => 
  array (
    'value' => 180,
    'name' => 'Проблемы',
  ),
  9 => 
  array (
    'value' => 155,
    'name' => 'Образцы',
  ),
  10 => 
  array (
    'value' => 181,
    'name' => 'Согласовать договор',
  ),
  11 => 
  array (
    'value' => 143,
    'name' => 'Согласовать прайс',
  ),
  12 => 
  array (
    'value' => 152,
    'name' => 'Прайс',
  ),
  13 => 
  array (
    'value' => 132,
    'name' => 'Документооборот',
  ),
  14 => 
  array (
    'value' => 128,
    'name' => 'Макеты проверка',
  ),
  15 => 
  array (
    'value' => 156,
    'name' => 'АД65',
  ),
  16 => 
  array (
    'value' => 130,
    'name' => 'Список компаний',
  ),
  17 => 
  array (
    'value' => 149,
    'name' => 'Отчет',
  ),
  18 => 
  array (
    'value' => 147,
    'name' => 'проверка сделок',
  ),
  19 => 
  array (
    'value' => 135,
    'name' => 'Проверочный',
  ),
  20 => 
  array (
    'value' => 185,
    'name' => 'Сверка протоколов ЛСМ/ПРТ',
  ),
  21 => 
  array (
    'value' => 191,
    'name' => 'Депозитные сделки',
  ),
  22 => 
  array (
    'value' => 179,
    'name' => 'Список',
  ),
  23 => 
  array (
    'value' => 174,
    'name' => 'Пища (низкая продажа)',
  ),
)array (
  0 => 
  array (
    'value' => 'Lead',
    'name' => 'Лид',
  ),
  1 => 
  array (
    'value' => 'Deal',
    'name' => 'Сделка',
  ),
  2 => 
  array (
    'value' => 'Contact',
    'name' => 'Контакт',
  ),
  3 => 
  array (
    'value' => 'Company',
    'name' => 'Компания',
  ),
  4 => 
  array (
    'value' => 129,
    'name' => 'ПСО',
  ),
  5 => 
  array (
    'value' => 178,
    'name' => 'Торговый ассистент',
  ),
  6 => 
  array (
    'value' => 142,
    'name' => 'Лиды ТА',
  ),
  7 => 
  array (
    'value' => 176,
    'name' => 'Диагностика аккаунтов',
  ),
  8 => 
  array (
    'value' => 180,
    'name' => 'Рекламации',
  ),
  9 => 
  array (
    'value' => 150,
    'name' => 'Оплаты в Alibaba',
  ),
  10 => 
  array (
    'value' => 137,
    'name' => 'Проекты ПАЛ',
  ),
  11 => 
  array (
    'value' => 163,
    'name' => 'Закупка',
  ),
  12 => 
  array (
    'value' => 133,
    'name' => 'Доставка',
  ),
  13 => 
  array (
    'value' => 139,
    'name' => 'Разрешительная документация',
  ),
  14 => 
  array (
    'value' => 132,
    'name' => 'Реестр финансов',
  ),
  15 => 
  array (
    'value' => 174,
    'name' => 'Личные дела',
  ),
)array (
  0 => 
  array (
    'value' => 'Lead',
    'name' => 'Лид',
  ),
  1 => 
  array (
    'value' => 'Deal',
    'name' => 'Сделка',
  ),
  2 => 
  array (
    'value' => 'Contact',
    'name' => 'Контакт',
  ),
  3 => 
  array (
    'value' => 'Company',
    'name' => 'Компания',
  ),
  4 => 
  array (
    'value' => 135,
    'name' => 'Передача Lead в отдел услуг',
  ),
  5 => 
  array (
    'value' => 188,
    'name' => 'Согласование документа',
  ),
  6 => 
  array (
    'value' => 1040,
    'name' => 'Передача Lead в отдел оборудования',
  ),
  7 => 
  array (
    'value' => 1044,
    'name' => 'Производство. Материал - ответственный',
  ),
)array (
  0 => 
  array (
    'value' => 'Lead',
    'name' => 'Лид',
  ),
  1 => 
  array (
    'value' => 'Deal',
    'name' => 'Сделка',
  ),
  2 => 
  array (
    'value' => 'Contact',
    'name' => 'Контакт',
  ),
  3 => 
  array (
    'value' => 'Company',
    'name' => 'Компания',
  ),
  4 => 
  array (
    'value' => 186,
    'name' => 'Заявки Поставщикам',
  ),
  5 => 
  array (
    'value' => 152,
    'name' => 'Воронка найма и адаптации',
  ),
  6 => 
  array (
    'value' => 141,
    'name' => 'Прайсы',
  ),
  7 => 
  array (
    'value' => 168,
    'name' => 'Штрфы ГИБДД',
  ),
  8 => 
  array (
    'value' => 176,
    'name' => 'Реестр проектов',
  ),
  9 => 
  array (
    'value' => 162,
    'name' => 'Смарт Документы',
  ),
  10 => 
  array (
    'value' => 173,
    'name' => 'Актуальные предложения от поставщиков электростанций',
  ),
  11 => 
  array (
    'value' => 191,
    'name' => 'ДДС ДЭР',
  ),
  12 => 
  array (
    'value' => 183,
    'name' => 'К-т СИ по Сделкам',
  ),
  13 => 
  array (
    'value' => 1034,
    'name' => 'Список обслуживаемых генераторов',
  ),
)array (
  0 => 
  array (
    'value' => 'Lead',
    'name' => 'Лид',
  ),
  1 => 
  array (
    'value' => 'Deal',
    'name' => 'Сделка',
  ),
  2 => 
  array (
    'value' => 'Contact',
    'name' => 'Контакт',
  ),
  3 => 
  array (
    'value' => 'Company',
    'name' => 'Компания',
  ),
  4 => 
  array (
    'value' => 186,
    'name' => 'Заявки Поставщикам',
  ),
  5 => 
  array (
    'value' => 152,
    'name' => 'Воронка найма и адаптации',
  ),
  6 => 
  array (
    'value' => 141,
    'name' => 'Прайсы',
  ),
  7 => 
  array (
    'value' => 168,
    'name' => 'Штрфы ГИБДД',
  ),
  8 => 
  array (
    'value' => 176,
    'name' => 'Реестр проектов',
  ),
  9 => 
  array (
    'value' => 162,
    'name' => 'Смарт Документы',
  ),
  10 => 
  array (
    'value' => 173,
    'name' => 'Актуальные предложения от поставщиков электростанций',
  ),
  11 => 
  array (
    'value' => 191,
    'name' => 'ДДС ДЭР',
  ),
  12 => 
  array (
    'value' => 183,
    'name' => 'К-т СИ по Сделкам',
  ),
  13 => 
  array (
    'value' => 1034,
    'name' => 'Список обслуживаемых генераторов',
  ),
)array (
  0 => 
  array (
    'value' => 'Lead',
    'name' => 'Лид',
  ),
  1 => 
  array (
    'value' => 'Deal',
    'name' => 'Сделка',
  ),
  2 => 
  array (
    'value' => 'Contact',
    'name' => 'Контакт',
  ),
  3 => 
  array (
    'value' => 'Company',
    'name' => 'Компания',
  ),
  4 => 
  array (
    'value' => 148,
    'name' => 'Объекты',
  ),
  5 => 
  array (
    'value' => 169,
    'name' => 'Путевой лист',
  ),
  6 => 
  array (
    'value' => 154,
    'name' => 'Список лидов по письмам',
  ),
  7 => 
  array (
    'value' => 185,
    'name' => 'Рекламация',
  ),
  8 => 
  array (
    'value' => 156,
    'name' => 'Претензии',
  ),
  9 => 
  array (
    'value' => 152,
    'name' => 'Мероприятия',
  ),
  10 => 
  array (
    'value' => 167,
    'name' => 'Урегулирование',
  ),
  11 => 
  array (
    'value' => 180,
    'name' => 'Отправления',
  ),
  12 => 
  array (
    'value' => 136,
    'name' => 'Договоры',
  ),
  13 => 
  array (
    'value' => 177,
    'name' => 'Отчетность по лидам',
  ),
  14 => 
  array (
    'value' => 184,
    'name' => 'Системы',
  ),
  15 => 
  array (
    'value' => 1032,
    'name' => 'Список каналов ИМ',
  ),
)array (
  0 => 
  array (
    'value' => 'Lead',
    'name' => 'Лид',
  ),
  1 => 
  array (
    'value' => 'Deal',
    'name' => 'Сделка',
  ),
  2 => 
  array (
    'value' => 'Contact',
    'name' => 'Контакт',
  ),
  3 => 
  array (
    'value' => 'Company',
    'name' => 'Компания',
  ),
  4 => 
  array (
    'value' => 129,
    'name' => 'ПСО',
  ),
  5 => 
  array (
    'value' => 178,
    'name' => 'Торговый ассистент',
  ),
  6 => 
  array (
    'value' => 142,
    'name' => 'Лиды ТА',
  ),
  7 => 
  array (
    'value' => 176,
    'name' => 'Диагностика аккаунтов',
  ),
  8 => 
  array (
    'value' => 180,
    'name' => 'Рекламации',
  ),
  9 => 
  array (
    'value' => 150,
    'name' => 'Оплаты в Alibaba',
  ),
  10 => 
  array (
    'value' => 137,
    'name' => 'Проекты ПАЛ',
  ),
  11 => 
  array (
    'value' => 163,
    'name' => 'Закупка',
  ),
  12 => 
  array (
    'value' => 133,
    'name' => 'Доставка',
  ),
  13 => 
  array (
    'value' => 139,
    'name' => 'Разрешительная документация',
  ),
  14 => 
  array (
    'value' => 132,
    'name' => 'Реестр финансов',
  ),
  15 => 
  array (
    'value' => 174,
    'name' => 'Личные дела',
  ),
)array (
  0 => 
  array (
    'value' => 'Lead',
    'name' => 'Лид',
  ),
  1 => 
  array (
    'value' => 'Deal',
    'name' => 'Сделка',
  ),
  2 => 
  array (
    'value' => 'Contact',
    'name' => 'Контакт',
  ),
  3 => 
  array (
    'value' => 'Company',
    'name' => 'Компания',
  ),
  4 => 
  array (
    'value' => 129,
    'name' => 'ПСО',
  ),
  5 => 
  array (
    'value' => 178,
    'name' => 'Торговый ассистент',
  ),
  6 => 
  array (
    'value' => 142,
    'name' => 'Лиды ТА',
  ),
  7 => 
  array (
    'value' => 176,
    'name' => 'Диагностика аккаунтов',
  ),
  8 => 
  array (
    'value' => 180,
    'name' => 'Рекламации',
  ),
  9 => 
  array (
    'value' => 150,
    'name' => 'Оплаты в Alibaba',
  ),
  10 => 
  array (
    'value' => 137,
    'name' => 'Проекты ПАЛ',
  ),
  11 => 
  array (
    'value' => 163,
    'name' => 'Закупка',
  ),
  12 => 
  array (
    'value' => 133,
    'name' => 'Доставка',
  ),
  13 => 
  array (
    'value' => 139,
    'name' => 'Разрешительная документация',
  ),
  14 => 
  array (
    'value' => 132,
    'name' => 'Реестр финансов',
  ),
  15 => 
  array (
    'value' => 174,
    'name' => 'Личные дела',
  ),
)array (
  0 => 
  array (
    'value' => 'Lead',
    'name' => 'Лид',
  ),
  1 => 
  array (
    'value' => 'Deal',
    'name' => 'Сделка',
  ),
  2 => 
  array (
    'value' => 'Contact',
    'name' => 'Контакт',
  ),
  3 => 
  array (
    'value' => 'Company',
    'name' => 'Компания',
  ),
  4 => 
  array (
    'value' => 129,
    'name' => 'ПСО',
  ),
  5 => 
  array (
    'value' => 178,
    'name' => 'Торговый ассистент',
  ),
  6 => 
  array (
    'value' => 142,
    'name' => 'Лиды ТА',
  ),
  7 => 
  array (
    'value' => 176,
    'name' => 'Диагностика аккаунтов',
  ),
  8 => 
  array (
    'value' => 180,
    'name' => 'Рекламации',
  ),
  9 => 
  array (
    'value' => 150,
    'name' => 'Оплаты в Alibaba',
  ),
  10 => 
  array (
    'value' => 137,
    'name' => 'Проекты ПАЛ',
  ),
  11 => 
  array (
    'value' => 163,
    'name' => 'Закупка',
  ),
  12 => 
  array (
    'value' => 133,
    'name' => 'Доставка',
  ),
  13 => 
  array (
    'value' => 139,
    'name' => 'Разрешительная документация',
  ),
  14 => 
  array (
    'value' => 132,
    'name' => 'Реестр финансов',
  ),
  15 => 
  array (
    'value' => 174,
    'name' => 'Личные дела',
  ),
)array (
  0 => 
  array (
    'value' => 'Lead',
    'name' => 'Лид',
  ),
  1 => 
  array (
    'value' => 'Deal',
    'name' => 'Сделка',
  ),
  2 => 
  array (
    'value' => 'Contact',
    'name' => 'Контакт',
  ),
  3 => 
  array (
    'value' => 'Company',
    'name' => 'Компания',
  ),
  4 => 
  array (
    'value' => 164,
    'name' => 'Оплата',
  ),
  5 => 
  array (
    'value' => 158,
    'name' => 'Водители',
  ),
  6 => 
  array (
    'value' => 133,
    'name' => 'Расходы грузоперевозки',
  ),
  7 => 
  array (
    'value' => 146,
    'name' => 'Техника',
  ),
  8 => 
  array (
    'value' => 131,
    'name' => 'Договора',
  ),
  9 => 
  array (
    'value' => 154,
    'name' => 'Заявка на ТМЦ или Услуги',
  ),
  10 => 
  array (
    'value' => 139,
    'name' => 'Входящие документы',
  ),
  11 => 
  array (
    'value' => 187,
    'name' => 'Исходящие документы',
  ),
  12 => 
  array (
    'value' => 172,
    'name' => 'Акты КС-2, КС-3',
  ),
  13 => 
  array (
    'value' => 136,
    'name' => 'Дополнительные соглашения',
  ),
  14 => 
  array (
    'value' => 1032,
    'name' => 'Заявки Тест',
  ),
  15 => 
  array (
    'value' => 1036,
    'name' => 'Всё включено',
  ),
)array (
  0 => 
  array (
    'value' => 'Lead',
    'name' => 'Лид',
  ),
  1 => 
  array (
    'value' => 'Deal',
    'name' => 'Сделка',
  ),
  2 => 
  array (
    'value' => 'Contact',
    'name' => 'Контакт',
  ),
  3 => 
  array (
    'value' => 'Company',
    'name' => 'Компания',
  ),
  4 => 
  array (
    'value' => 148,
    'name' => 'Объекты',
  ),
  5 => 
  array (
    'value' => 169,
    'name' => 'Путевой лист',
  ),
  6 => 
  array (
    'value' => 154,
    'name' => 'Список лидов по письмам',
  ),
  7 => 
  array (
    'value' => 185,
    'name' => 'Рекламация',
  ),
  8 => 
  array (
    'value' => 156,
    'name' => 'Претензии',
  ),
  9 => 
  array (
    'value' => 152,
    'name' => 'Мероприятия',
  ),
  10 => 
  array (
    'value' => 167,
    'name' => 'Урегулирование',
  ),
  11 => 
  array (
    'value' => 180,
    'name' => 'Отправления',
  ),
  12 => 
  array (
    'value' => 136,
    'name' => 'Договоры',
  ),
  13 => 
  array (
    'value' => 177,
    'name' => 'Отчетность по лидам',
  ),
  14 => 
  array (
    'value' => 184,
    'name' => 'Системы',
  ),
  15 => 
  array (
    'value' => 1032,
    'name' => 'Список каналов ИМ',
  ),
)array (
  0 => 
  array (
    'value' => 'Lead',
    'name' => 'Лид',
  ),
  1 => 
  array (
    'value' => 'Deal',
    'name' => 'Сделка',
  ),
  2 => 
  array (
    'value' => 'Contact',
    'name' => 'Контакт',
  ),
  3 => 
  array (
    'value' => 'Company',
    'name' => 'Компания',
  ),
  4 => 
  array (
    'value' => 129,
    'name' => 'ПСО',
  ),
  5 => 
  array (
    'value' => 178,
    'name' => 'Торговый ассистент',
  ),
  6 => 
  array (
    'value' => 142,
    'name' => 'Лиды ТА',
  ),
  7 => 
  array (
    'value' => 176,
    'name' => 'Диагностика аккаунтов',
  ),
  8 => 
  array (
    'value' => 180,
    'name' => 'Рекламации',
  ),
  9 => 
  array (
    'value' => 150,
    'name' => 'Оплаты в Alibaba',
  ),
  10 => 
  array (
    'value' => 137,
    'name' => 'Проекты ПАЛ',
  ),
  11 => 
  array (
    'value' => 163,
    'name' => 'Закупка',
  ),
  12 => 
  array (
    'value' => 133,
    'name' => 'Доставка',
  ),
  13 => 
  array (
    'value' => 139,
    'name' => 'Разрешительная документация',
  ),
  14 => 
  array (
    'value' => 132,
    'name' => 'Реестр финансов',
  ),
  15 => 
  array (
    'value' => 174,
    'name' => 'Личные дела',
  ),
)array (
  0 => 
  array (
    'value' => 'Lead',
    'name' => 'Лид',
  ),
  1 => 
  array (
    'value' => 'Deal',
    'name' => 'Сделка',
  ),
  2 => 
  array (
    'value' => 'Contact',
    'name' => 'Контакт',
  ),
  3 => 
  array (
    'value' => 'Company',
    'name' => 'Компания',
  ),
  4 => 
  array (
    'value' => 171,
    'name' => 'Онбординг',
  ),
  5 => 
  array (
    'value' => 130,
    'name' => 'Оплаты',
  ),
  6 => 
  array (
    'value' => 1036,
    'name' => 'Найм/Увольнение',
  ),
  7 => 
  array (
    'value' => 1040,
    'name' => 'HR',
  ),
  8 => 
  array (
    'value' => 1044,
    'name' => 'Промо-коды',
  ),
)array (
  0 => 
  array (
    'value' => 'Lead',
    'name' => 'Лид',
  ),
  1 => 
  array (
    'value' => 'Deal',
    'name' => 'Сделка',
  ),
  2 => 
  array (
    'value' => 'Contact',
    'name' => 'Контакт',
  ),
  3 => 
  array (
    'value' => 'Company',
    'name' => 'Компания',
  ),
  4 => 
  array (
    'value' => 171,
    'name' => 'Онбординг',
  ),
  5 => 
  array (
    'value' => 130,
    'name' => 'Оплаты',
  ),
  6 => 
  array (
    'value' => 1036,
    'name' => 'Найм/Увольнение',
  ),
  7 => 
  array (
    'value' => 1040,
    'name' => 'HR',
  ),
  8 => 
  array (
    'value' => 1044,
    'name' => 'Промо-коды',
  ),
)array (
  0 => 
  array (
    'value' => 'Lead',
    'name' => 'Лид',
  ),
  1 => 
  array (
    'value' => 'Deal',
    'name' => 'Сделка',
  ),
  2 => 
  array (
    'value' => 'Contact',
    'name' => 'Контакт',
  ),
  3 => 
  array (
    'value' => 'Company',
    'name' => 'Компания',
  ),
  4 => 
  array (
    'value' => 171,
    'name' => 'Онбординг',
  ),
  5 => 
  array (
    'value' => 130,
    'name' => 'Оплаты',
  ),
  6 => 
  array (
    'value' => 1036,
    'name' => 'Найм/Увольнение',
  ),
  7 => 
  array (
    'value' => 1040,
    'name' => 'HR',
  ),
  8 => 
  array (
    'value' => 1044,
    'name' => 'Промо-коды',
  ),
)array (
  0 => 
  array (
    'value' => 'Lead',
    'name' => 'Лид',
  ),
  1 => 
  array (
    'value' => 'Deal',
    'name' => 'Сделка',
  ),
  2 => 
  array (
    'value' => 'Contact',
    'name' => 'Контакт',
  ),
  3 => 
  array (
    'value' => 'Company',
    'name' => 'Компания',
  ),
  4 => 
  array (
    'value' => 171,
    'name' => 'Онбординг',
  ),
  5 => 
  array (
    'value' => 130,
    'name' => 'Оплаты',
  ),
  6 => 
  array (
    'value' => 1036,
    'name' => 'Найм/Увольнение',
  ),
  7 => 
  array (
    'value' => 1040,
    'name' => 'HR',
  ),
  8 => 
  array (
    'value' => 1044,
    'name' => 'Промо-коды',
  ),
  9 => 
  array (
    'value' => 1048,
    'name' => 'Подарочные сертификаты OZON',
  ),
)array (
  0 => 
  array (
    'value' => 'Lead',
    'name' => 'Лид',
  ),
  1 => 
  array (
    'value' => 'Deal',
    'name' => 'Сделка',
  ),
  2 => 
  array (
    'value' => 'Contact',
    'name' => 'Контакт',
  ),
  3 => 
  array (
    'value' => 'Company',
    'name' => 'Компания',
  ),
  4 => 
  array (
    'value' => 171,
    'name' => 'Онбординг',
  ),
  5 => 
  array (
    'value' => 130,
    'name' => 'Оплаты',
  ),
  6 => 
  array (
    'value' => 1036,
    'name' => 'Найм/Увольнение',
  ),
  7 => 
  array (
    'value' => 1040,
    'name' => 'HR',
  ),
  8 => 
  array (
    'value' => 1044,
    'name' => 'Промо-коды',
  ),
  9 => 
  array (
    'value' => 1048,
    'name' => 'Подарочные сертификаты OZON',
  ),
)array (
  0 => 
  array (
    'value' => 'Lead',
    'name' => 'Лид',
  ),
  1 => 
  array (
    'value' => 'Deal',
    'name' => 'Сделка',
  ),
  2 => 
  array (
    'value' => 'Contact',
    'name' => 'Контакт',
  ),
  3 => 
  array (
    'value' => 'Company',
    'name' => 'Компания',
  ),
  4 => 
  array (
    'value' => 171,
    'name' => 'Онбординг',
  ),
  5 => 
  array (
    'value' => 130,
    'name' => 'Оплаты',
  ),
  6 => 
  array (
    'value' => 1036,
    'name' => 'Найм/Увольнение',
  ),
  7 => 
  array (
    'value' => 1040,
    'name' => 'HR',
  ),
  8 => 
  array (
    'value' => 1044,
    'name' => 'Промо-коды',
  ),
  9 => 
  array (
    'value' => 1048,
    'name' => 'Подарочные сертификаты OZON',
  ),
)array (
  0 => 
  array (
    'value' => 'Lead',
    'name' => 'Лид',
  ),
  1 => 
  array (
    'value' => 'Deal',
    'name' => 'Сделка',
  ),
  2 => 
  array (
    'value' => 'Contact',
    'name' => 'Контакт',
  ),
  3 => 
  array (
    'value' => 'Company',
    'name' => 'Компания',
  ),
  4 => 
  array (
    'value' => 171,
    'name' => 'Онбординг',
  ),
  5 => 
  array (
    'value' => 130,
    'name' => 'Оплаты',
  ),
  6 => 
  array (
    'value' => 1036,
    'name' => 'Найм/Увольнение',
  ),
  7 => 
  array (
    'value' => 1040,
    'name' => 'HR',
  ),
  8 => 
  array (
    'value' => 1044,
    'name' => 'Промо-коды',
  ),
  9 => 
  array (
    'value' => 1048,
    'name' => 'Подарочные сертификаты OZON',
  ),
)array (
  0 => 
  array (
    'value' => 'Lead',
    'name' => 'Лид',
  ),
  1 => 
  array (
    'value' => 'Deal',
    'name' => 'Сделка',
  ),
  2 => 
  array (
    'value' => 'Contact',
    'name' => 'Контакт',
  ),
  3 => 
  array (
    'value' => 'Company',
    'name' => 'Компания',
  ),
  4 => 
  array (
    'value' => 171,
    'name' => 'Онбординг',
  ),
  5 => 
  array (
    'value' => 130,
    'name' => 'Оплаты',
  ),
  6 => 
  array (
    'value' => 1036,
    'name' => 'Найм/Увольнение',
  ),
  7 => 
  array (
    'value' => 1040,
    'name' => 'HR',
  ),
  8 => 
  array (
    'value' => 1044,
    'name' => 'Промо-коды',
  ),
  9 => 
  array (
    'value' => 1048,
    'name' => 'Подарочные сертификаты OZON',
  ),
)array (
  0 => 
  array (
    'value' => 'Lead',
    'name' => 'Лид',
  ),
  1 => 
  array (
    'value' => 'Deal',
    'name' => 'Сделка',
  ),
  2 => 
  array (
    'value' => 'Contact',
    'name' => 'Контакт',
  ),
  3 => 
  array (
    'value' => 'Company',
    'name' => 'Компания',
  ),
  4 => 
  array (
    'value' => 171,
    'name' => 'Онбординг',
  ),
  5 => 
  array (
    'value' => 130,
    'name' => 'Оплаты',
  ),
  6 => 
  array (
    'value' => 1036,
    'name' => 'Найм/Увольнение',
  ),
  7 => 
  array (
    'value' => 1040,
    'name' => 'HR',
  ),
  8 => 
  array (
    'value' => 1044,
    'name' => 'Промо-коды',
  ),
  9 => 
  array (
    'value' => 1048,
    'name' => 'Подарочные сертификаты OZON',
  ),
)array (
  0 => 
  array (
    'value' => 'Lead',
    'name' => 'Лид',
  ),
  1 => 
  array (
    'value' => 'Deal',
    'name' => 'Сделка',
  ),
  2 => 
  array (
    'value' => 'Contact',
    'name' => 'Контакт',
  ),
  3 => 
  array (
    'value' => 'Company',
    'name' => 'Компания',
  ),
  4 => 
  array (
    'value' => 148,
    'name' => 'Объекты',
  ),
  5 => 
  array (
    'value' => 169,
    'name' => 'Путевой лист',
  ),
  6 => 
  array (
    'value' => 154,
    'name' => 'Список лидов по письмам',
  ),
  7 => 
  array (
    'value' => 185,
    'name' => 'Рекламация',
  ),
  8 => 
  array (
    'value' => 156,
    'name' => 'Претензии',
  ),
  9 => 
  array (
    'value' => 152,
    'name' => 'Мероприятия',
  ),
  10 => 
  array (
    'value' => 167,
    'name' => 'Урегулирование',
  ),
  11 => 
  array (
    'value' => 180,
    'name' => 'Отправления',
  ),
  12 => 
  array (
    'value' => 136,
    'name' => 'Договоры',
  ),
  13 => 
  array (
    'value' => 177,
    'name' => 'Отчетность по лидам',
  ),
  14 => 
  array (
    'value' => 184,
    'name' => 'Системы',
  ),
  15 => 
  array (
    'value' => 1032,
    'name' => 'Список каналов ИМ',
  ),
)array (
  0 => 
  array (
    'value' => 'Lead',
    'name' => 'Лид',
  ),
  1 => 
  array (
    'value' => 'Deal',
    'name' => 'Сделка',
  ),
  2 => 
  array (
    'value' => 'Contact',
    'name' => 'Контакт',
  ),
  3 => 
  array (
    'value' => 'Company',
    'name' => 'Компания',
  ),
  4 => 
  array (
    'value' => 148,
    'name' => 'Объекты',
  ),
  5 => 
  array (
    'value' => 169,
    'name' => 'Путевой лист',
  ),
  6 => 
  array (
    'value' => 154,
    'name' => 'Список лидов по письмам',
  ),
  7 => 
  array (
    'value' => 185,
    'name' => 'Рекламация',
  ),
  8 => 
  array (
    'value' => 156,
    'name' => 'Претензии',
  ),
  9 => 
  array (
    'value' => 152,
    'name' => 'Мероприятия',
  ),
  10 => 
  array (
    'value' => 167,
    'name' => 'Урегулирование',
  ),
  11 => 
  array (
    'value' => 180,
    'name' => 'Отправления',
  ),
  12 => 
  array (
    'value' => 136,
    'name' => 'Договоры',
  ),
  13 => 
  array (
    'value' => 177,
    'name' => 'Отчетность по лидам',
  ),
  14 => 
  array (
    'value' => 184,
    'name' => 'Системы',
  ),
  15 => 
  array (
    'value' => 1032,
    'name' => 'Список каналов ИМ',
  ),
)array (
  0 => 
  array (
    'value' => 'Lead',
    'name' => 'Лид',
  ),
  1 => 
  array (
    'value' => 'Deal',
    'name' => 'Сделка',
  ),
  2 => 
  array (
    'value' => 'Contact',
    'name' => 'Контакт',
  ),
  3 => 
  array (
    'value' => 'Company',
    'name' => 'Компания',
  ),
  4 => 
  array (
    'value' => 148,
    'name' => 'Объекты',
  ),
  5 => 
  array (
    'value' => 169,
    'name' => 'Путевой лист',
  ),
  6 => 
  array (
    'value' => 154,
    'name' => 'Список лидов по письмам',
  ),
  7 => 
  array (
    'value' => 185,
    'name' => 'Рекламация',
  ),
  8 => 
  array (
    'value' => 156,
    'name' => 'Претензии',
  ),
  9 => 
  array (
    'value' => 152,
    'name' => 'Мероприятия',
  ),
  10 => 
  array (
    'value' => 167,
    'name' => 'Урегулирование',
  ),
  11 => 
  array (
    'value' => 180,
    'name' => 'Отправления',
  ),
  12 => 
  array (
    'value' => 136,
    'name' => 'Договоры',
  ),
  13 => 
  array (
    'value' => 177,
    'name' => 'Отчетность по лидам',
  ),
  14 => 
  array (
    'value' => 184,
    'name' => 'Системы',
  ),
  15 => 
  array (
    'value' => 1032,
    'name' => 'Список каналов ИМ',
  ),
)array (
  0 => 
  array (
    'value' => 'Lead',
    'name' => 'Лид',
  ),
  1 => 
  array (
    'value' => 'Deal',
    'name' => 'Сделка',
  ),
  2 => 
  array (
    'value' => 'Contact',
    'name' => 'Контакт',
  ),
  3 => 
  array (
    'value' => 'Company',
    'name' => 'Компания',
  ),
  4 => 
  array (
    'value' => 148,
    'name' => 'Объекты',
  ),
  5 => 
  array (
    'value' => 169,
    'name' => 'Путевой лист',
  ),
  6 => 
  array (
    'value' => 154,
    'name' => 'Список лидов по письмам',
  ),
  7 => 
  array (
    'value' => 185,
    'name' => 'Рекламация',
  ),
  8 => 
  array (
    'value' => 156,
    'name' => 'Претензии',
  ),
  9 => 
  array (
    'value' => 152,
    'name' => 'Мероприятия',
  ),
  10 => 
  array (
    'value' => 167,
    'name' => 'Урегулирование',
  ),
  11 => 
  array (
    'value' => 180,
    'name' => 'Отправления',
  ),
  12 => 
  array (
    'value' => 136,
    'name' => 'Договоры',
  ),
  13 => 
  array (
    'value' => 177,
    'name' => 'Отчетность по лидам',
  ),
  14 => 
  array (
    'value' => 184,
    'name' => 'Системы',
  ),
  15 => 
  array (
    'value' => 1032,
    'name' => 'Список каналов ИМ',
  ),
)array (
  0 => 
  array (
    'value' => 'Lead',
    'name' => 'Лид',
  ),
  1 => 
  array (
    'value' => 'Deal',
    'name' => 'Сделка',
  ),
  2 => 
  array (
    'value' => 'Contact',
    'name' => 'Контакт',
  ),
  3 => 
  array (
    'value' => 'Company',
    'name' => 'Компания',
  ),
  4 => 
  array (
    'value' => 148,
    'name' => 'Объекты',
  ),
  5 => 
  array (
    'value' => 169,
    'name' => 'Путевой лист',
  ),
  6 => 
  array (
    'value' => 154,
    'name' => 'Список лидов по письмам',
  ),
  7 => 
  array (
    'value' => 185,
    'name' => 'Рекламация',
  ),
  8 => 
  array (
    'value' => 156,
    'name' => 'Претензии',
  ),
  9 => 
  array (
    'value' => 152,
    'name' => 'Мероприятия',
  ),
  10 => 
  array (
    'value' => 167,
    'name' => 'Урегулирование',
  ),
  11 => 
  array (
    'value' => 180,
    'name' => 'Отправления',
  ),
  12 => 
  array (
    'value' => 136,
    'name' => 'Договоры',
  ),
  13 => 
  array (
    'value' => 177,
    'name' => 'Отчетность по лидам',
  ),
  14 => 
  array (
    'value' => 184,
    'name' => 'Системы',
  ),
  15 => 
  array (
    'value' => 1032,
    'name' => 'Список каналов ИМ',
  ),
)array (
  0 => 
  array (
    'value' => 'Lead',
    'name' => 'Лид',
  ),
  1 => 
  array (
    'value' => 'Deal',
    'name' => 'Сделка',
  ),
  2 => 
  array (
    'value' => 'Contact',
    'name' => 'Контакт',
  ),
  3 => 
  array (
    'value' => 'Company',
    'name' => 'Компания',
  ),
  4 => 
  array (
    'value' => 148,
    'name' => 'Объекты',
  ),
  5 => 
  array (
    'value' => 169,
    'name' => 'Путевой лист',
  ),
  6 => 
  array (
    'value' => 154,
    'name' => 'Список лидов по письмам',
  ),
  7 => 
  array (
    'value' => 185,
    'name' => 'Рекламация',
  ),
  8 => 
  array (
    'value' => 156,
    'name' => 'Претензии',
  ),
  9 => 
  array (
    'value' => 152,
    'name' => 'Мероприятия',
  ),
  10 => 
  array (
    'value' => 167,
    'name' => 'Урегулирование',
  ),
  11 => 
  array (
    'value' => 180,
    'name' => 'Отправления',
  ),
  12 => 
  array (
    'value' => 136,
    'name' => 'Договоры',
  ),
  13 => 
  array (
    'value' => 177,
    'name' => 'Отчетность по лидам',
  ),
  14 => 
  array (
    'value' => 184,
    'name' => 'Системы',
  ),
  15 => 
  array (
    'value' => 1032,
    'name' => 'Список каналов ИМ',
  ),
)array (
  0 => 
  array (
    'value' => 'Lead',
    'name' => 'Лид',
  ),
  1 => 
  array (
    'value' => 'Deal',
    'name' => 'Сделка',
  ),
  2 => 
  array (
    'value' => 'Contact',
    'name' => 'Контакт',
  ),
  3 => 
  array (
    'value' => 'Company',
    'name' => 'Компания',
  ),
  4 => 
  array (
    'value' => 148,
    'name' => 'Объекты',
  ),
  5 => 
  array (
    'value' => 169,
    'name' => 'Путевой лист',
  ),
  6 => 
  array (
    'value' => 154,
    'name' => 'Список лидов по письмам',
  ),
  7 => 
  array (
    'value' => 185,
    'name' => 'Рекламация',
  ),
  8 => 
  array (
    'value' => 156,
    'name' => 'Претензии',
  ),
  9 => 
  array (
    'value' => 152,
    'name' => 'Мероприятия',
  ),
  10 => 
  array (
    'value' => 167,
    'name' => 'Урегулирование',
  ),
  11 => 
  array (
    'value' => 180,
    'name' => 'Отправления',
  ),
  12 => 
  array (
    'value' => 136,
    'name' => 'Договоры',
  ),
  13 => 
  array (
    'value' => 177,
    'name' => 'Отчетность по лидам',
  ),
  14 => 
  array (
    'value' => 184,
    'name' => 'Системы',
  ),
  15 => 
  array (
    'value' => 1032,
    'name' => 'Список каналов ИМ',
  ),
)array (
  0 => 
  array (
    'value' => 'Lead',
    'name' => 'Лид',
  ),
  1 => 
  array (
    'value' => 'Deal',
    'name' => 'Сделка',
  ),
  2 => 
  array (
    'value' => 'Contact',
    'name' => 'Контакт',
  ),
  3 => 
  array (
    'value' => 'Company',
    'name' => 'Компания',
  ),
  4 => 
  array (
    'value' => 148,
    'name' => 'Объекты',
  ),
  5 => 
  array (
    'value' => 169,
    'name' => 'Путевой лист',
  ),
  6 => 
  array (
    'value' => 154,
    'name' => 'Список лидов по письмам',
  ),
  7 => 
  array (
    'value' => 185,
    'name' => 'Рекламация',
  ),
  8 => 
  array (
    'value' => 156,
    'name' => 'Претензии',
  ),
  9 => 
  array (
    'value' => 152,
    'name' => 'Мероприятия',
  ),
  10 => 
  array (
    'value' => 167,
    'name' => 'Урегулирование',
  ),
  11 => 
  array (
    'value' => 180,
    'name' => 'Отправления',
  ),
  12 => 
  array (
    'value' => 136,
    'name' => 'Договоры',
  ),
  13 => 
  array (
    'value' => 177,
    'name' => 'Отчетность по лидам',
  ),
  14 => 
  array (
    'value' => 184,
    'name' => 'Системы',
  ),
  15 => 
  array (
    'value' => 1032,
    'name' => 'Список каналов ИМ',
  ),
)array (
  0 => 
  array (
    'value' => 'Lead',
    'name' => 'Лид',
  ),
  1 => 
  array (
    'value' => 'Deal',
    'name' => 'Сделка',
  ),
  2 => 
  array (
    'value' => 'Contact',
    'name' => 'Контакт',
  ),
  3 => 
  array (
    'value' => 'Company',
    'name' => 'Компания',
  ),
  4 => 
  array (
    'value' => 148,
    'name' => 'Объекты',
  ),
  5 => 
  array (
    'value' => 169,
    'name' => 'Путевой лист',
  ),
  6 => 
  array (
    'value' => 154,
    'name' => 'Список лидов по письмам',
  ),
  7 => 
  array (
    'value' => 185,
    'name' => 'Рекламация',
  ),
  8 => 
  array (
    'value' => 156,
    'name' => 'Претензии',
  ),
  9 => 
  array (
    'value' => 152,
    'name' => 'Мероприятия',
  ),
  10 => 
  array (
    'value' => 167,
    'name' => 'Урегулирование',
  ),
  11 => 
  array (
    'value' => 180,
    'name' => 'Отправления',
  ),
  12 => 
  array (
    'value' => 136,
    'name' => 'Договоры',
  ),
  13 => 
  array (
    'value' => 177,
    'name' => 'Отчетность по лидам',
  ),
  14 => 
  array (
    'value' => 184,
    'name' => 'Системы',
  ),
  15 => 
  array (
    'value' => 1032,
    'name' => 'Список каналов ИМ',
  ),
)array (
  0 => 
  array (
    'value' => 'Lead',
    'name' => 'Лид',
  ),
  1 => 
  array (
    'value' => 'Deal',
    'name' => 'Сделка',
  ),
  2 => 
  array (
    'value' => 'Contact',
    'name' => 'Контакт',
  ),
  3 => 
  array (
    'value' => 'Company',
    'name' => 'Компания',
  ),
  4 => 
  array (
    'value' => 148,
    'name' => 'Объекты',
  ),
  5 => 
  array (
    'value' => 169,
    'name' => 'Путевой лист',
  ),
  6 => 
  array (
    'value' => 154,
    'name' => 'Список лидов по письмам',
  ),
  7 => 
  array (
    'value' => 185,
    'name' => 'Рекламация',
  ),
  8 => 
  array (
    'value' => 156,
    'name' => 'Претензии',
  ),
  9 => 
  array (
    'value' => 152,
    'name' => 'Мероприятия',
  ),
  10 => 
  array (
    'value' => 167,
    'name' => 'Урегулирование',
  ),
  11 => 
  array (
    'value' => 180,
    'name' => 'Отправления',
  ),
  12 => 
  array (
    'value' => 136,
    'name' => 'Договоры',
  ),
  13 => 
  array (
    'value' => 177,
    'name' => 'Отчетность по лидам',
  ),
  14 => 
  array (
    'value' => 184,
    'name' => 'Системы',
  ),
  15 => 
  array (
    'value' => 1032,
    'name' => 'Список каналов ИМ',
  ),
)array (
  0 => 
  array (
    'value' => 'Lead',
    'name' => 'Лид',
  ),
  1 => 
  array (
    'value' => 'Deal',
    'name' => 'Сделка',
  ),
  2 => 
  array (
    'value' => 'Contact',
    'name' => 'Контакт',
  ),
  3 => 
  array (
    'value' => 'Company',
    'name' => 'Компания',
  ),
  4 => 
  array (
    'value' => 148,
    'name' => 'Объекты',
  ),
  5 => 
  array (
    'value' => 169,
    'name' => 'Путевой лист',
  ),
  6 => 
  array (
    'value' => 154,
    'name' => 'Список лидов по письмам',
  ),
  7 => 
  array (
    'value' => 185,
    'name' => 'Рекламация',
  ),
  8 => 
  array (
    'value' => 156,
    'name' => 'Претензии',
  ),
  9 => 
  array (
    'value' => 152,
    'name' => 'Мероприятия',
  ),
  10 => 
  array (
    'value' => 167,
    'name' => 'Урегулирование',
  ),
  11 => 
  array (
    'value' => 180,
    'name' => 'Отправления',
  ),
  12 => 
  array (
    'value' => 136,
    'name' => 'Договоры',
  ),
  13 => 
  array (
    'value' => 177,
    'name' => 'Отчетность по лидам',
  ),
  14 => 
  array (
    'value' => 184,
    'name' => 'Системы',
  ),
  15 => 
  array (
    'value' => 1032,
    'name' => 'Список каналов ИМ',
  ),
  16 => 
  array (
    'value' => 1036,
    'name' => 'Разработка \\ модификация продукта',
  ),
)array (
  0 => 
  array (
    'value' => 'Lead',
    'name' => 'Лид',
  ),
  1 => 
  array (
    'value' => 'Deal',
    'name' => 'Сделка',
  ),
  2 => 
  array (
    'value' => 'Contact',
    'name' => 'Контакт',
  ),
  3 => 
  array (
    'value' => 'Company',
    'name' => 'Компания',
  ),
  4 => 
  array (
    'value' => 170,
    'name' => 'Клиенты',
  ),
  5 => 
  array (
    'value' => 138,
    'name' => 'Привязка к проектам',
  ),
  6 => 
  array (
    'value' => 1050,
    'name' => 'Платежи по сервисам',
  ),
  7 => 
  array (
    'value' => 1064,
    'name' => 'Согласование отпусков',
  ),
  8 => 
  array (
    'value' => 1068,
    'name' => 'Всё включено',
  ),
  9 => 
  array (
    'value' => 1074,
    'name' => 'Всё включено',
  ),
  10 => 
  array (
    'value' => 1088,
    'name' => 'Контроль лицензий и маркета',
  ),
  11 => 
  array (
    'value' => 1096,
    'name' => 'Описание\\логирование',
  ),
  12 => 
  array (
    'value' => 1102,
    'name' => 'Идеи по улучшению работы',
  ),
  13 => 
  array (
    'value' => 1114,
    'name' => 'Всё включено',
  ),
  14 => 
  array (
    'value' => 1122,
    'name' => 'Тестовый смарт-список для отчета В.К,',
  ),
  15 => 
  array (
    'value' => 1126,
    'name' => 'Для БЗ',
  ),
  16 => 
  array (
    'value' => 1130,
    'name' => 'Академия',
  ),
  17 => 
  array (
    'value' => 1134,
    'name' => 'Задание 2 - Побежимова',
  ),
  18 => 
  array (
    'value' => 1144,
    'name' => 'Товары - Побежимова',
  ),
  19 => 
  array (
    'value' => 1148,
    'name' => 'З2. Посохова',
  ),
  20 => 
  array (
    'value' => 1154,
    'name' => 'Товары — Посохова',
  ),
  21 => 
  array (
    'value' => 1162,
    'name' => 'Задание 2 - Шалаганов',
  ),
  22 => 
  array (
    'value' => 1166,
    'name' => 'Товары — Шалаганов',
  ),
  23 => 
  array (
    'value' => 1170,
    'name' => 'Тип продукции Посохова',
  ),
)array (
  0 => 
  array (
    'value' => 'Lead',
    'name' => 'Лид',
  ),
  1 => 
  array (
    'value' => 'Deal',
    'name' => 'Сделка',
  ),
  2 => 
  array (
    'value' => 'Contact',
    'name' => 'Контакт',
  ),
  3 => 
  array (
    'value' => 'Company',
    'name' => 'Компания',
  ),
  4 => 
  array (
    'value' => 183,
    'name' => 'Поставщики',
  ),
  5 => 
  array (
    'value' => 163,
    'name' => 'Торги',
  ),
  6 => 
  array (
    'value' => 130,
    'name' => 'Тест crm-формы',
  ),
  7 => 
  array (
    'value' => 158,
    'name' => 'Заявка',
  ),
  8 => 
  array (
    'value' => 137,
    'name' => 'Счётчик',
  ),
  9 => 
  array (
    'value' => 1032,
    'name' => 'тест',
  ),
  10 => 
  array (
    'value' => 1036,
    'name' => 'Задачи 2.0',
  ),
  11 => 
  array (
    'value' => 1040,
    'name' => 'Время по задаче',
  ),
  12 => 
  array (
    'value' => 1044,
    'name' => 'Планы',
  ),
)array (
  0 => 
  array (
    'value' => 'Lead',
    'name' => 'Лид',
  ),
  1 => 
  array (
    'value' => 'Deal',
    'name' => 'Сделка',
  ),
  2 => 
  array (
    'value' => 'Contact',
    'name' => 'Контакт',
  ),
  3 => 
  array (
    'value' => 'Company',
    'name' => 'Компания',
  ),
  4 => 
  array (
    'value' => 184,
    'name' => 'Договоры',
  ),
  5 => 
  array (
    'value' => 170,
    'name' => 'Всё включено',
  ),
  6 => 
  array (
    'value' => 1038,
    'name' => 'Согласование сверхурочных',
  ),
  7 => 
  array (
    'value' => 1042,
    'name' => 'Список проектов',
  ),
  8 => 
  array (
    'value' => 1050,
    'name' => 'Согласование договоров',
  ),
)array (
  0 => 
  array (
    'value' => 'Lead',
    'name' => 'Лид',
  ),
  1 => 
  array (
    'value' => 'Deal',
    'name' => 'Сделка',
  ),
  2 => 
  array (
    'value' => 'Contact',
    'name' => 'Контакт',
  ),
  3 => 
  array (
    'value' => 'Company',
    'name' => 'Компания',
  ),
  4 => 
  array (
    'value' => 135,
    'name' => 'Передача Lead в отдел услуг',
  ),
  5 => 
  array (
    'value' => 188,
    'name' => 'Согласование документа',
  ),
  6 => 
  array (
    'value' => 1040,
    'name' => 'Передача Lead в отдел оборудования',
  ),
  7 => 
  array (
    'value' => 1044,
    'name' => 'Производство. Материал - ответственный',
  ),
  8 => 
  array (
    'value' => 1048,
    'name' => 'Договоры',
  ),
)array (
  0 => 
  array (
    'value' => 'Lead',
    'name' => 'Лид',
  ),
  1 => 
  array (
    'value' => 'Deal',
    'name' => 'Сделка',
  ),
  2 => 
  array (
    'value' => 'Contact',
    'name' => 'Контакт',
  ),
  3 => 
  array (
    'value' => 'Company',
    'name' => 'Компания',
  ),
  4 => 
  array (
    'value' => 170,
    'name' => 'Клиенты',
  ),
  5 => 
  array (
    'value' => 138,
    'name' => 'Привязка к проектам',
  ),
  6 => 
  array (
    'value' => 1050,
    'name' => 'Платежи по сервисам',
  ),
  7 => 
  array (
    'value' => 1064,
    'name' => 'Согласование отпусков',
  ),
  8 => 
  array (
    'value' => 1068,
    'name' => 'Всё включено',
  ),
  9 => 
  array (
    'value' => 1074,
    'name' => 'Всё включено',
  ),
  10 => 
  array (
    'value' => 1088,
    'name' => 'Контроль лицензий и маркета',
  ),
  11 => 
  array (
    'value' => 1096,
    'name' => 'Описание\\логирование',
  ),
  12 => 
  array (
    'value' => 1102,
    'name' => 'Идеи по улучшению работы',
  ),
  13 => 
  array (
    'value' => 1114,
    'name' => 'Всё включено',
  ),
  14 => 
  array (
    'value' => 1122,
    'name' => 'Тестовый смарт-список для отчета В.К,',
  ),
  15 => 
  array (
    'value' => 1126,
    'name' => 'Для БЗ',
  ),
  16 => 
  array (
    'value' => 1130,
    'name' => 'Академия',
  ),
  17 => 
  array (
    'value' => 1134,
    'name' => 'Задание 2 - Побежимова',
  ),
  18 => 
  array (
    'value' => 1144,
    'name' => 'Товары - Побежимова',
  ),
  19 => 
  array (
    'value' => 1148,
    'name' => 'З2. Посохова',
  ),
  20 => 
  array (
    'value' => 1154,
    'name' => 'Товары — Посохова',
  ),
  21 => 
  array (
    'value' => 1162,
    'name' => 'Задание 2 - Шалаганов',
  ),
  22 => 
  array (
    'value' => 1166,
    'name' => 'Товары — Шалаганов',
  ),
  23 => 
  array (
    'value' => 1170,
    'name' => 'Тип продукции Посохова',
  ),
  24 => 
  array (
    'value' => 1176,
    'name' => 'GP. Assist Panel',
  ),
  25 => 
  array (
    'value' => 1180,
    'name' => 'Поиск сотрудников — Шалаганов',
  ),
  26 => 
  array (
    'value' => 1184,
    'name' => 'HR заявки (Посохова)',
  ),
  27 => 
  array (
    'value' => 1190,
    'name' => 'Задание 2 - Жмуйдин',
  ),
  28 => 
  array (
    'value' => 1198,
    'name' => 'Товары – Жмуйдин',
  ),
)